/* DATA DESCRIPTION:
Citation:	Hayward, Bruce William; Scott, George H; Crundwell, Martin P; Kennett, James P; Carter, Lionel; Neil, Helen L; Sabaa, Ashwaq T; Wilson, Kate; Rodger, J Stuart; Schaefer, Grace; Grenfell, Hugh R; Li, Qianyu (2008): (Appendix 1) Census data of planktic foraminiferal faunas together with estimates of mean annual SST for ODP Site 181-1123 [dataset]. PANGAEA, https://doi.org/10.1594/PANGAEA.742593, 
	In supplement to: Hayward, BW et al. (2008): The effect of submerged plateaux on Pleistocene gyral circulation and sea-surface temperatures in the Southwest Pacific. Global and Planetary Change, 63(4), 309-316, https://doi.org/10.1016/j.gloplacha.2008.07.003
Project(s):	Ocean Drilling Program (ODP) (URI: https://www-odp.tamu.edu:443/)
Coverage:	LATITUDE: -41.786000 * LONGITUDE: -171.499000
	DATE/TIME START: 1998-09-12T00:00:00 * DATE/TIME END: 1998-09-24T00:00:00
	MINIMUM DEPTH, sediment/rock: 0.04 m * MAXIMUM DEPTH, sediment/rock: 40.94 m
Event(s):	181-1123 * LATITUDE: -41.786000 * LONGITUDE: -171.499000 * DATE/TIME START: 1998-09-12T00:00:00 * DATE/TIME END: 1998-09-24T00:00:00 * ELEVATION: -3290.0 m * PENETRATION: 1279.9 m * RECOVERY: 899.5 m * LOCATION: South Pacific Ocean * CAMPAIGN: Leg181 * BASIS: Joides Resolution (URI: https://www-odp.tamu.edu:443/resolutn.html) * METHOD/DEVICE: Composite Core (COMPCORE) * COMMENT: 102 cores; 957 m cored; 322.9 m drilled; 94% recovery
Comment:	Depth is composite depth (mcd), age after the Lisiecki and Ramyo (2005) stack (datasets: doi:10.1594/PANGAEA.704257). ODP 1123 data consists of 488 census counts from a ~40 m spliced composite section for the last 1 myr (MIS 28-1; 2-3 kyr resolution) and studied by Crundwell et al. (2008, datasets: doi:10.1594/PANGAEA.706110).
Parameter(s):	Sample code/label (Sample label) * PI: Crundwell, Martin P (m.crundwell@gns.cri.nz) * METHOD/DEVICE: DSDP/ODP/IODP sample designation (URI: hdl:10013/epic.27914.d001)
	DEPTH, sediment/rock [m] (Depth sed) * GEOCODE
	AGE [ka BP] (Age) * GEOCODE
	Globoconella inflata (G. inflata) * PI: Crundwell, Martin P (m.crundwell@gns.cri.nz) * METHOD/DEVICE: Counting >150 µm fraction
	Globorotalia crassaformis (G. crassaformis) * PI: Crundwell, Martin P (m.crundwell@gns.cri.nz) * METHOD/DEVICE: Counting >150 µm fraction
	Globorotalia crassula (G. crassula) * PI: Crundwell, Martin P (m.crundwell@gns.cri.nz) * METHOD/DEVICE: Counting >150 µm fraction
	Globorotalia truncatulinoides (G. truncatulinoides) * PI: Crundwell, Martin P (m.crundwell@gns.cri.nz) * METHOD/DEVICE: Counting >150 µm fraction
	Globorotalia hirsuta (G. hirsuta) * PI: Crundwell, Martin P (m.crundwell@gns.cri.nz) * METHOD/DEVICE: Counting >150 µm fraction
	Globorotalia scitula (G. scitula) * PI: Crundwell, Martin P (m.crundwell@gns.cri.nz) * METHOD/DEVICE: Counting >150 µm fraction
	Globigerina bulloides [%] (G. bulloides) * PI: Crundwell, Martin P (m.crundwell@gns.cri.nz) * METHOD/DEVICE: Counting >150 µm fraction
	Globigerina falconensis (G. falconensis) * PI: Crundwell, Martin P (m.crundwell@gns.cri.nz) * METHOD/DEVICE: Counting >150 µm fraction
	Globigerina quinqueloba (G. quinqueloba) * PI: Crundwell, Martin P (m.crundwell@gns.cri.nz) * METHOD/DEVICE: Counting >150 µm fraction
	Globigerinella aequilateralis [%] (G. aequilateralis) * PI: Crundwell, Martin P (m.crundwell@gns.cri.nz) * METHOD/DEVICE: Counting >150 µm fraction
	Globigerinita glutinata (G. glutinata) * PI: Crundwell, Martin P (m.crundwell@gns.cri.nz) * METHOD/DEVICE: Counting >150 µm fraction
	Globigerinita uvula (G. uvula) * PI: Crundwell, Martin P (m.crundwell@gns.cri.nz) * METHOD/DEVICE: Counting >150 µm fraction
	Neogloboquadrina pachyderma dextral [%] (N. pachyderma d) * PI: Crundwell, Martin P (m.crundwell@gns.cri.nz) * METHOD/DEVICE: Counting >150 µm fraction
	Neogloboquadrina pachyderma sinistral [%] (N. pachyderma s) * PI: Crundwell, Martin P (m.crundwell@gns.cri.nz) * METHOD/DEVICE: Counting >150 µm fraction
	Neogloboquadrina dutertrei (N. dutertrei) * PI: Crundwell, Martin P (m.crundwell@gns.cri.nz) * METHOD/DEVICE: Counting >150 µm fraction
	Globigerinoides conglobatus (G. conglobatus) * PI: Crundwell, Martin P (m.crundwell@gns.cri.nz) * METHOD/DEVICE: Counting >150 µm fraction
	Globigerinoides ruber (G. ruber) * PI: Crundwell, Martin P (m.crundwell@gns.cri.nz) * METHOD/DEVICE: Counting >150 µm fraction
	Globigerinoides sacculifer (G. sacculifer) * PI: Crundwell, Martin P (m.crundwell@gns.cri.nz) * METHOD/DEVICE: Counting >150 µm fraction
	Orbulina universa (O. universa) * PI: Crundwell, Martin P (m.crundwell@gns.cri.nz) * METHOD/DEVICE: Counting >150 µm fraction
	Pulleniatina obliquiloculata (P. obliquiloculata) * PI: Crundwell, Martin P (m.crundwell@gns.cri.nz) * METHOD/DEVICE: Counting >150 µm fraction
	Globigerinoides tenellus [%] (G. tenellus) * PI: Crundwell, Martin P (m.crundwell@gns.cri.nz) * METHOD/DEVICE: Counting >150 µm fraction
	Globoturborotalita rubescens [%] (G. rubescens) * PI: Crundwell, Martin P (m.crundwell@gns.cri.nz) * METHOD/DEVICE: Counting >150 µm fraction
	Globigerina calida [%] (G. calida) * PI: Crundwell, Martin P (m.crundwell@gns.cri.nz) * METHOD/DEVICE: Counting >150 µm fraction
	Sphaeroidinella dehiscens [%] (S. dehiscens) * PI: Crundwell, Martin P (m.crundwell@gns.cri.nz) * METHOD/DEVICE: Counting >150 µm fraction
	Globigerina digitata [%] (G. digitata) * PI: Crundwell, Martin P (m.crundwell@gns.cri.nz) * METHOD/DEVICE: Counting >150 µm fraction
	Globorotalia menardii [%] (G. menardii) * PI: Crundwell, Martin P (m.crundwell@gns.cri.nz) * METHOD/DEVICE: Counting >150 µm fraction
	Globigerinella adamsi [%] (G. adamsi) * PI: Crundwell, Martin P (m.crundwell@gns.cri.nz) * METHOD/DEVICE: Counting >150 µm fraction
	Globorotalia anfracta [%] (G. anfracta) * PI: Crundwell, Martin P (m.crundwell@gns.cri.nz) * METHOD/DEVICE: Counting >150 µm fraction
	Globoquadrina conglomerata [%] (G. conglomerata) * PI: Crundwell, Martin P (m.crundwell@gns.cri.nz) * METHOD/DEVICE: Counting >150 µm fraction
	Globoquadrina hexagona [%] (G. hexagona) * PI: Crundwell, Martin P (m.crundwell@gns.cri.nz) * METHOD/DEVICE: Counting >150 µm fraction
	Candeina nitida [%] (C. nitida) * PI: Crundwell, Martin P (m.crundwell@gns.cri.nz) * METHOD/DEVICE: Counting >150 µm fraction
	Hirsutella theyeri [%] (H. theyeri) * PI: Crundwell, Martin P (m.crundwell@gns.cri.nz) * METHOD/DEVICE: Counting >150 µm fraction
	Turborotalita pumilio humilis [%] (T. pumilio humilis) * PI: Crundwell, Martin P (m.crundwell@gns.cri.nz) * METHOD/DEVICE: Counting >150 µm fraction
	Sea surface temperature, annual mean [°C] (SST (1-12)) * PI: Crundwell, Martin P (m.crundwell@gns.cri.nz) * METHOD/DEVICE: Modern analog technique (MAT)
License:	Creative Commons Attribution 3.0 Unported (CC-BY-3.0) (URI: https://creativecommons.org/licenses/by/3.0/)
Size:	17029 data points
*/
Sample label	Depth sed [m]	Age [ka BP]	G. inflata	G. crassaformis	G. crassula	G. truncatulinoides	G. hirsuta	G. scitula	G. bulloides [%]	G. falconensis	G. quinqueloba	G. aequilateralis [%]	G. glutinata	G. uvula	N. pachyderma d [%]	N. pachyderma s [%]	N. dutertrei	G. conglobatus	G. ruber	G. sacculifer	O. universa	P. obliquiloculata	G. tenellus [%]	G. rubescens [%]	G. calida [%]	S. dehiscens [%]	G. digitata [%]	G. menardii [%]	G. adamsi [%]	G. anfracta [%]	G. conglomerata [%]	G. hexagona [%]	C. nitida [%]	H. theyeri [%]	T. pumilio humilis [%]	SST (1-12) [°C]
181-1123C-1H-1,3-5	0.04	0.000	47.30	0.00	0.32	6.35	0.32	0.32	14.60	0.63	0.32	0.32	0.32	0.00	26.35	0.63	0.00	0.00	0.95	0.00	0.95	0.00	0.00	0.00	0.32	0.00	0.00	0.00	0.00	0.00	0.00	0.00	0.00	0.00	0.00	16.55
181-1123C-1H-1,6-8	0.07	0.648	47.24	0.00	0.00	8.59	3.68	1.23	19.02	0.31	0.00	0.31	0.61	0.00	16.56	0.92	0.31	0.00	0.00	0.00	1.23	0.00	0.00	0.00	0.00	0.00	0.00	0.00	0.00	0.00	0.00	0.00	0.00	0.00	0.00	14.55
181-1123C-1H-1,9-11	0.10	1.296	44.15	0.00	0.00	5.69	1.00	0.00	20.07	0.33	0.00	0.67	1.67	0.00	24.75	0.33	0.00	0.00	0.33	0.00	1.00	0.00	0.00	0.00	0.00	0.00	0.00	0.00	0.00	0.00	0.00	0.00	0.00	0.00	0.00	15.81
181-1123C-1H-1,24-26	0.25	4.411	36.57	0.00	0.28	4.99	2.77	0.83	18.28	0.55	0.28	0.28	0.83	0.00	31.58	0.28	0.83	0.00	0.55	0.00	1.11	0.00	0.00	0.00	0.00	0.00	0.00	0.00	0.00	0.00	0.00	0.00	0.00	0.00	0.00	16.02
181-1123C-1H-1,37-39	0.38	7.147	28.75	0.00	0.32	4.47	0.32	0.32	25.24	1.28	1.28	0.64	1.92	0.00	33.87	0.00	0.32	0.00	1.28	0.00	0.00	0.00	0.00	0.00	0.00	0.00	0.00	0.00	0.00	0.00	0.00	0.00	0.00	0.00	0.00	16.08
181-1123C-1H-1,47-49	0.48	9.676	29.11	0.00	0.00	8.54	0.00	0.32	21.20	0.95	1.58	0.00	1.27	0.00	35.76	0.00	0.32	0.00	0.32	0.00	0.00	0.00	0.00	0.00	0.63	0.00	0.00	0.00	0.00	0.00	0.00	0.00	0.00	0.00	0.00	15.30
181-1123C-1H-1,56-58	0.57	11.146	22.36	0.00	0.00	3.51	0.00	0.64	22.68	1.28	3.19	0.00	5.11	0.00	39.62	0.64	0.64	0.00	0.00	0.00	0.32	0.00	0.00	0.00	0.00	0.00	0.00	0.00	0.00	0.00	0.00	0.00	0.00	0.00	0.00	14.43
181-1123C-1H-1,71-73	0.72	14.314	22.94	0.00	0.00	3.06	0.00	0.00	20.18	0.00	3.98	0.00	3.98	0.00	43.12	1.83	0.92	0.00	0.00	0.00	0.00	0.00	0.00	0.00	0.00	0.00	0.00	0.00	0.00	0.00	0.00	0.00	0.00	0.00	0.00	14.43
181-1123C-1H-1,82-84	0.83	16.627	26.80	0.00	0.00	6.21	0.00	1.31	28.43	0.00	3.27	0.00	2.29	0.00	30.72	0.98	0.00	0.00	0.00	0.00	0.00	0.00	0.00	0.00	0.00	0.00	0.00	0.00	0.00	0.00	0.00	0.00	0.00	0.00	0.00	13.44
181-1123C-1H-1,88-90	0.89	17.892	31.31	0.00	0.00	5.43	0.00	0.64	15.34	0.00	4.79	0.00	3.51	0.00	36.74	1.60	0.64	0.00	0.00	0.00	0.00	0.00	0.00	0.00	0.00	0.00	0.00	0.00	0.00	0.00	0.00	0.00	0.00	0.00	0.00	14.36
181-1123C-1H-1,98-100	0.99	20.000	26.81	0.00	0.00	3.79	0.00	0.32	35.65	0.00	5.36	0.00	5.36	0.00	20.19	1.58	0.63	0.00	0.00	0.00	0.32	0.00	0.00	0.00	0.00	0.00	0.00	0.00	0.00	0.00	0.00	0.00	0.00	0.00	0.00	12.09
181-1123C-1H-1,112-114	1.13	22.615	12.63	0.00	0.00	8.06	0.00	0.27	23.39	0.00	2.42	0.00	2.96	0.00	44.62	4.57	0.27	0.00	0.27	0.00	0.27	0.00	0.00	0.00	0.00	0.00	0.27	0.00	0.00	0.00	0.00	0.00	0.00	0.00	0.00	14.18
181-1123C-1H-1,126-128	1.27	25.231	10.33	0.00	0.00	8.00	0.00	0.00	15.00	0.00	0.00	0.00	2.33	0.00	61.67	1.33	1.00	0.00	0.00	0.00	0.33	0.00	0.00	0.00	0.00	0.00	0.00	0.00	0.00	0.00	0.00	0.00	0.00	0.00	0.00	16.05
181-1123C-1H-1,138-140	1.39	27.463	17.65	0.00	0.00	6.50	0.00	0.93	12.69	0.62	8.05	0.00	4.64	0.00	42.72	4.02	1.55	0.00	0.00	0.00	0.62	0.00	0.00	0.00	0.00	0.00	0.00	0.00	0.00	0.00	0.00	0.00	0.00	0.00	0.00	14.15
181-1123C-1H-2,5-7	1.56	30.598	22.50	0.00	0.00	8.00	0.00	0.75	17.50	0.00	2.50	0.00	2.25	0.00	43.25	2.50	0.50	0.00	0.25	0.00	0.00	0.00	0.00	0.00	0.00	0.00	0.00	0.00	0.00	0.00	0.00	0.00	0.00	0.00	0.00	14.99
181-1123C-1H-2,12-14	1.63	31.892	19.11	0.00	0.00	7.01	0.00	0.00	11.46	0.00	1.91	0.00	1.91	0.00	55.41	1.59	0.32	0.00	0.00	0.00	0.96	0.00	0.00	0.00	0.32	0.00	0.00	0.00	0.00	0.00	0.00	0.00	0.00	0.00	0.00	16.12
181-1123C-1H-2,17-19	1.68	32.812	21.43	0.00	0.00	7.79	0.00	0.00	12.34	0.65	2.27	0.00	1.62	0.00	51.30	1.95	0.65	0.00	0.00	0.00	0.00	0.00	0.00	0.00	0.00	0.00	0.00	0.00	0.00	0.00	0.00	0.00	0.00	0.00	0.00	15.57
181-1123C-1H-2,25-27	1.76	34.280	23.98	0.00	0.00	5.56	0.00	1.17	17.25	0.29	3.51	0.00	4.68	0.00	38.89	1.75	1.17	0.00	0.00	0.00	1.75	0.00	0.00	0.00	0.00	0.00	0.00	0.00	0.00	0.00	0.00	0.00	0.00	0.00	0.00	14.78
181-1123C-1H-2,42-44	1.92	37.414	23.81	0.00	0.00	4.46	0.00	0.00	19.35	0.30	3.57	0.00	4.76	0.00	39.29	1.79	0.89	0.00	0.00	0.00	1.49	0.00	0.00	0.00	0.30	0.00	0.00	0.00	0.00	0.00	0.00	0.00	0.00	0.00	0.00	14.67
181-1123C-1H-2,46-48	1.96	38.152	22.45	0.00	0.00	4.08	0.00	0.34	25.17	0.00	2.38	0.00	4.76	0.00	38.78	1.70	0.34	0.00	0.00	0.00	0.00	0.00	0.00	0.00	0.00	0.00	0.00	0.00	0.00	0.00	0.00	0.00	0.00	0.00	0.00	13.97
181-1123C-1H-2,57-59	2.07	40.175	28.13	0.00	0.00	6.12	0.00	0.31	18.65	0.31	5.50	0.00	2.45	0.00	36.09	1.53	0.61	0.00	0.00	0.00	0.31	0.00	0.00	0.00	0.00	0.00	0.00	0.00	0.00	0.00	0.00	0.00	0.00	0.00	0.00	14.23
181-1123C-1H-2,70-72	2.20	42.572	29.10	0.00	0.00	2.20	0.00	0.24	22.25	0.00	1.47	0.00	4.40	0.00	33.25	4.89	0.49	0.00	0.00	0.00	1.71	0.00	0.00	0.00	0.00	0.00	0.00	0.00	0.00	0.00	0.00	0.00	0.00	0.00	0.00	13.54
181-1123C-1H-2,82-84	2.32	44.777	34.97	0.00	0.00	3.68	0.00	1.23	21.78	0.00	1.53	0.00	2.15	0.00	28.83	5.52	0.00	0.00	0.00	0.00	0.31	0.00	0.00	0.00	0.00	0.00	0.00	0.00	0.00	0.00	0.00	0.00	0.00	0.00	0.00	12.86
181-1123C-1H-2,88-90	2.38	45.880	38.01	0.00	0.00	1.87	0.00	0.00	18.07	0.00	1.25	0.00	1.25	0.00	33.02	6.23	0.31	0.00	0.00	0.00	0.00	0.00	0.00	0.00	0.00	0.00	0.00	0.00	0.00	0.00	0.00	0.00	0.00	0.00	0.00	13.33
181-1123C-1H-2,98-100	2.50	47.720	23.77	0.00	0.00	3.77	0.00	0.58	18.84	0.00	0.00	0.00	2.61	0.00	45.51	4.35	0.29	0.00	0.00	0.00	0.29	0.00	0.00	0.00	0.00	0.00	0.00	0.00	0.00	0.00	0.00	0.00	0.00	0.00	0.00	14.61
181-1123C-1H-2,118-120	2.68	51.402	22.25	0.00	0.48	5.02	0.00	0.24	13.88	0.24	0.24	0.00	2.15	0.00	48.80	5.50	1.20	0.00	0.00	0.00	0.00	0.00	0.00	0.00	0.00	0.00	0.00	0.00	0.00	0.00	0.00	0.00	0.00	0.00	0.00	14.83
181-1123C-1H-2,128-130	2.78	53.243	17.94	0.00	0.00	3.44	0.00	0.49	16.71	0.00	0.25	0.00	1.72	0.00	55.53	3.19	0.25	0.00	0.00	0.00	0.49	0.00	0.00	0.00	0.00	0.00	0.00	0.00	0.00	0.00	0.00	0.00	0.00	0.00	0.00	15.47
181-1123C-1H-3,6-8	3.06	59.667	26.47	0.00	0.00	3.59	0.00	0.65	17.65	0.00	3.27	0.00	3.92	0.00	41.83	2.29	0.00	0.00	0.00	0.00	0.33	0.00	0.00	0.00	0.00	0.00	0.00	0.00	0.00	0.00	0.00	0.00	0.00	0.00	0.00	14.52
181-1123C-1H-3,16-18	3.16	62.000	19.66	0.00	0.00	6.44	0.34	1.69	22.37	0.00	3.73	0.00	4.07	0.00	29.83	11.86	0.00	0.00	0.00	0.00	0.00	0.00	0.00	0.00	0.00	0.00	0.00	0.00	0.00	0.00	0.00	0.00	0.00	0.00	0.00	11.37
181-1123C-1H-3,23-25	3.23	64.007	21.04	0.00	0.00	10.03	0.00	0.32	20.39	0.00	2.27	0.00	4.53	0.00	32.36	8.74	0.32	0.00	0.00	0.00	0.00	0.00	0.00	0.00	0.00	0.00	0.00	0.00	0.00	0.00	0.00	0.00	0.00	0.00	0.00	12.30
181-1123C-1H-3,27-29	3.27	65.169	22.15	0.00	0.00	4.62	0.00	1.23	20.31	0.00	4.92	0.00	2.46	0.00	38.15	5.23	0.92	0.00	0.00	0.00	0.00	0.00	0.00	0.00	0.00	0.00	0.00	0.00	0.00	0.00	0.00	0.00	0.00	0.00	0.00	13.45
181-1123C-1H-3,36-38	3.36	67.751	21.40	0.00	0.00	5.69	0.00	1.34	17.06	0.33	1.67	0.00	3.68	0.00	45.15	2.34	1.00	0.00	0.00	0.00	0.33	0.00	0.00	0.00	0.00	0.00	0.00	0.00	0.00	0.00	0.00	0.00	0.00	0.00	0.00	14.92
181-1123C-1H-3,46-48	3.46	70.638	18.44	0.00	0.00	4.69	0.00	0.31	10.00	0.31	1.25	0.00	1.56	0.00	60.63	1.88	0.31	0.00	0.31	0.00	0.31	0.00	0.00	0.00	0.00	0.00	0.00	0.00	0.00	0.00	0.00	0.00	0.00	0.00	0.00	16.30
181-1123C-1H-3,56-58	3.56	73.513	17.23	0.00	0.00	3.95	0.00	0.00	10.73	0.00	0.56	0.00	0.56	0.00	66.38	0.28	0.00	0.00	0.28	0.00	0.00	0.00	0.00	0.00	0.00	0.00	0.00	0.00	0.00	0.00	0.00	0.00	0.00	0.00	0.00	16.74
181-1123C-1H-3,71-73	3.71	77.844	17.11	0.00	0.00	5.26	0.00	0.66	16.78	0.00	1.64	0.00	2.30	0.00	51.64	1.64	2.30	0.00	0.33	0.00	0.33	0.00	0.00	0.00	0.00	0.00	0.00	0.00	0.00	0.00	0.00	0.00	0.00	0.00	0.00	15.66
181-1123C-1H-3,82-84	3.82	81.012	14.46	0.00	0.00	3.61	0.00	1.51	16.27	1.51	1.20	0.90	3.31	0.00	55.72	0.90	0.30	0.00	0.00	0.00	0.30	0.00	0.00	0.00	0.00	0.00	0.00	0.00	0.00	0.00	0.00	0.00	0.00	0.00	0.00	16.32
181-1123C-1H-3,93-95	3.93	84.181	22.22	0.00	0.00	2.70	0.00	1.80	12.31	0.60	0.00	0.60	1.50	0.00	55.26	0.90	0.60	0.00	1.20	0.00	0.30	0.00	0.00	0.00	0.00	0.00	0.00	0.00	0.00	0.00	0.00	0.00	0.00	0.00	0.00	16.99
181-1123C-1H-3,102-104	4.02	86.775	29.13	0.00	0.00	1.62	0.00	1.62	7.44	0.00	0.00	0.00	1.62	0.00	56.31	0.65	0.97	0.00	0.00	0.00	0.65	0.00	0.00	0.00	0.00	0.00	0.00	0.00	0.00	0.00	0.00	0.00	0.00	0.00	0.00	16.63
181-1123C-1H-3,112-114	4.12	89.650	28.62	0.00	0.00	3.38	0.00	0.00	12.62	0.31	0.62	0.00	1.54	0.00	50.77	1.23	0.62	0.00	0.00	0.00	0.31	0.00	0.00	0.00	0.00	0.00	0.00	0.00	0.00	0.00	0.00	0.00	0.00	0.00	0.00	15.99
181-1123C-1H-3,122-124	4.22	92.537	25.86	0.00	0.00	1.72	0.00	0.69	15.86	0.34	1.03	0.00	4.48	0.00	47.93	0.69	0.69	0.00	0.00	0.00	0.69	0.00	0.00	0.00	0.00	0.00	0.00	0.00	0.00	0.00	0.00	0.00	0.00	0.00	0.00	15.51
181-1123C-1H-3,132-134	4.32	95.412	20.06	0.00	0.00	4.53	0.65	1.29	16.50	0.97	1.94	0.32	3.56	0.00	45.31	0.32	0.00	0.00	0.97	0.00	3.24	0.00	0.00	0.00	0.00	0.00	0.32	0.00	0.00	0.00	0.00	0.00	0.00	0.00	0.00	16.65
181-1123C-1H-3,143-145	4.43	98.581	19.39	0.00	0.00	3.40	0.34	2.04	19.73	2.04	1.36	0.34	2.04	0.00	47.62	0.34	1.02	0.00	0.00	0.00	0.00	0.00	0.00	0.00	0.00	0.00	0.34	0.00	0.00	0.00	0.00	0.00	0.00	0.00	0.00	15.65
181-1123C-1H-4,6-8	4.56	102.697	33.15	0.00	0.00	3.77	0.00	0.00	13.75	1.35	0.00	0.00	1.62	0.00	42.86	1.89	0.81	0.00	0.27	0.00	0.54	0.00	0.00	0.00	0.00	0.00	0.00	0.00	0.00	0.00	0.00	0.00	0.00	0.00	0.00	15.77
181-1123C-1H-4,16-18	4.66	105.798	32.75	0.00	0.00	3.17	0.00	0.70	15.14	0.00	0.70	0.00	1.76	0.00	41.90	1.06	0.35	0.00	1.76	0.00	0.70	0.00	0.00	0.00	0.00	0.00	0.00	0.00	0.00	0.00	0.00	0.00	0.00	0.00	0.00	16.48
181-1123C-1H-4,26-28	4.76	108.911	29.67	0.00	0.00	4.33	0.00	0.00	12.00	0.00	0.33	0.00	1.67	0.00	48.33	2.33	0.00	0.00	0.67	0.00	0.67	0.00	0.00	0.00	0.00	0.00	0.00	0.00	0.00	0.00	0.00	0.00	0.00	0.00	0.00	16.10
181-1123C-1H-4,36-38	4.86	112.023	21.79	0.00	0.00	3.21	0.00	0.00	18.27	0.32	1.60	0.00	2.24	0.00	49.68	2.56	0.00	0.00	0.32	0.00	0.00	0.00	0.00	0.00	0.00	0.00	0.00	0.00	0.00	0.00	0.00	0.00	0.00	0.00	0.00	15.20
181-1123C-1H-4,46-48	4.96	115.124	26.54	0.00	0.00	0.31	0.62	0.93	16.36	0.31	1.85	0.00	1.23	0.00	49.38	0.62	0.62	0.00	0.93	0.00	0.31	0.00	0.00	0.00	0.00	0.00	0.00	0.00	0.00	0.00	0.00	0.00	0.00	0.00	0.00	16.11
181-1123C-1H-4,56-58	5.06	118.236	26.49	0.00	0.00	0.89	2.68	1.19	23.51	2.68	0.00	0.00	2.98	0.00	33.33	0.30	0.89	0.00	3.27	0.00	1.79	0.00	0.00	0.00	0.00	0.00	0.00	0.00	0.00	0.00	0.00	0.00	0.00	0.00	0.00	16.60
181-1123C-1H-4,66-68	5.16	121.349	31.40	0.00	1.32	3.17	1.32	1.58	25.33	3.96	0.26	1.06	2.64	0.00	19.53	0.53	0.53	0.00	4.75	0.00	1.85	0.00	0.00	0.00	0.00	0.00	0.79	0.00	0.00	0.00	0.00	0.00	0.00	0.00	0.00	17.71
181-1123C-1H-4,76-78	5.26	124.461	25.90	0.00	0.98	5.57	0.00	2.62	32.46	2.30	1.97	0.66	2.62	0.00	14.75	0.33	0.00	0.00	5.25	0.00	4.26	0.00	0.00	0.00	0.00	0.00	0.33	0.00	0.00	0.00	0.00	0.00	0.00	0.00	0.00	17.23
181-1123C-1H-4,85-87	5.35	127.257	15.29	0.00	0.00	6.37	0.32	3.50	31.21	4.14	3.82	1.59	7.01	0.00	19.75	0.64	0.00	0.00	5.10	0.00	1.27	0.00	0.00	0.00	0.00	0.00	0.00	0.00	0.00	0.00	0.00	0.00	0.00	0.00	0.00	16.88
181-1123C-1H-4,96-98	5.46	130.674	11.25	0.00	0.00	13.37	0.00	0.30	30.40	1.22	3.95	1.22	5.17	0.00	28.88	2.13	0.30	0.00	0.91	0.00	0.91	0.00	0.00	0.00	0.00	0.00	0.00	0.00	0.00	0.00	0.00	0.00	0.00	0.00	0.00	14.84
181-1123C-1H-4,106-108	5.56	133.787	16.93	0.00	0.00	10.03	0.00	0.31	35.11	0.94	4.70	0.00	7.21	0.00	15.05	7.84	0.00	0.00	0.00	0.00	1.88	0.00	0.00	0.00	0.00	0.00	0.00	0.00	0.00	0.00	0.00	0.00	0.00	0.00	0.00	11.00
181-1123C-1H-4,116-118	5.66	136.888	18.39	0.00	0.00	4.52	0.00	0.97	34.19	0.65	7.10	0.32	5.16	0.00	14.84	13.23	0.00	0.00	0.00	0.00	0.65	0.00	0.00	0.00	0.00	0.00	0.00	0.00	0.00	0.00	0.00	0.00	0.00	0.00	0.00	10.27
181-1123C-1H-4,126-128	5.76	140.000	18.60	0.00	0.00	5.26	0.00	0.00	28.42	0.00	5.61	0.00	7.37	0.00	18.95	15.09	0.70	0.00	0.00	0.00	0.00	0.00	0.00	0.00	0.00	0.00	0.00	0.00	0.00	0.00	0.00	0.00	0.00	0.00	0.00	9.91
181-1123C-1H-4,136-138	5.86	142.431	10.07	0.00	0.00	4.32	0.00	0.72	26.26	0.00	5.76	0.00	5.40	0.00	30.22	15.47	1.08	0.00	0.00	0.00	0.72	0.00	0.00	0.00	0.00	0.00	0.00	0.00	0.00	0.00	0.00	0.00	0.00	0.00	0.00	10.97
181-1123C-1H-4,144-146	5.94	144.370	8.36	0.00	0.00	5.02	0.00	0.67	19.40	0.67	6.69	0.33	6.69	0.00	35.79	14.05	2.01	0.00	0.00	0.00	0.33	0.00	0.00	0.00	0.00	0.00	0.00	0.00	0.00	0.00	0.00	0.00	0.00	0.00	0.00	11.70
181-1123C-1H-5,6-8	6.06	146.845	10.34	0.00	0.00	4.39	0.00	0.94	17.55	0.00	1.88	0.00	5.64	0.00	55.17	1.57	1.25	0.00	0.94	0.00	0.31	0.00	0.00	0.00	0.00	0.00	0.00	0.00	0.00	0.00	0.00	0.00	0.00	0.00	0.00	15.58
181-1123C-1H-5,16-18	6.16	148.995	12.39	0.00	0.00	4.23	0.00	0.00	16.92	0.60	1.51	0.00	6.34	0.00	53.78	2.11	0.91	0.00	0.30	0.00	0.91	0.00	0.00	0.00	0.00	0.00	0.00	0.00	0.00	0.00	0.00	0.00	0.00	0.00	0.00	15.36
181-1123C-1H-5,26-28	6.26	151.144	10.45	0.00	0.00	6.27	0.00	0.00	17.77	0.00	1.05	0.70	6.27	0.00	55.40	1.05	0.35	0.00	0.00	0.00	0.35	0.00	0.00	0.00	0.00	0.00	0.35	0.00	0.00	0.00	0.00	0.00	0.00	0.00	0.00	15.91
181-1123C-1H-5,36-38	6.36	153.294	9.15	0.00	0.00	4.10	0.00	0.32	17.35	0.32	4.10	0.00	5.05	0.00	58.36	0.32	0.95	0.00	0.00	0.00	0.00	0.00	0.00	0.00	0.00	0.00	0.00	0.00	0.00	0.00	0.00	0.00	0.00	0.00	0.00	15.43
181-1123C-1H-5,46-48	6.46	155.443	7.30	0.00	0.00	4.32	0.00	1.62	17.57	0.27	4.59	0.00	5.41	0.00	54.32	2.16	1.62	0.00	0.00	0.00	0.81	0.00	0.00	0.00	0.00	0.00	0.00	0.00	0.00	0.00	0.00	0.00	0.00	0.00	0.00	14.97
181-1123C-1H-5,56-58	6.56	157.593	15.44	0.00	0.00	3.69	0.00	0.67	20.13	0.00	2.35	0.00	3.36	0.00	51.01	2.01	1.34	0.00	0.00	0.00	0.00	0.00	0.00	0.00	0.00	0.00	0.00	0.00	0.00	0.00	0.00	0.00	0.00	0.00	0.00	14.96
181-1123C-1H-5,66-68	6.66	159.742	12.71	0.00	0.00	2.34	0.00	2.01	17.39	0.00	6.35	0.00	5.69	0.00	50.84	2.34	0.33	0.00	0.00	0.00	0.00	0.00	0.00	0.00	0.00	0.00	0.00	0.00	0.00	0.00	0.00	0.00	0.00	0.00	0.00	14.40
181-1123C-1H-5,76-78	6.76	161.892	10.75	0.00	0.00	5.54	0.00	1.63	20.20	0.33	2.93	0.00	5.86	0.00	45.93	4.89	0.65	0.00	0.00	0.00	1.30	0.00	0.00	0.00	0.00	0.00	0.00	0.00	0.00	0.00	0.00	0.00	0.00	0.00	0.00	14.08
181-1123C-1H-5,86-88	6.86	164.042	9.80	0.00	0.00	3.59	0.00	1.63	21.90	0.33	3.92	0.00	4.25	0.00	49.02	2.29	0.98	0.00	0.65	0.00	1.31	0.00	0.00	0.00	0.00	0.00	0.33	0.00	0.00	0.00	0.00	0.00	0.00	0.00	0.00	15.10
181-1123C-1H-5,96-98	6.96	166.191	14.19	0.00	0.00	5.28	0.00	0.66	19.80	0.33	2.31	0.00	3.63	0.00	46.86	5.61	0.33	0.00	0.33	0.00	0.33	0.00	0.00	0.00	0.33	0.00	0.00	0.00	0.00	0.00	0.00	0.00	0.00	0.00	0.00	14.35
181-1123C-1H-5,106-108	7.06	168.341	16.72	0.00	0.00	6.31	0.00	1.26	24.92	0.00	5.68	0.00	4.10	0.00	34.70	3.47	0.63	0.00	0.00	0.00	1.26	0.00	0.00	0.00	0.95	0.00	0.00	0.00	0.00	0.00	0.00	0.00	0.00	0.00	0.00	13.60
181-1123C-1H-5,116-118	7.16	170.490	14.62	0.00	0.00	5.98	0.00	0.00	25.58	0.33	5.32	0.33	3.99	0.00	39.87	2.99	0.33	0.00	0.00	0.00	0.66	0.00	0.00	0.00	0.00	0.00	0.00	0.00	0.00	0.00	0.00	0.00	0.00	0.00	0.00	14.05
181-1123C-1H-5,126-128	7.26	172.640	14.84	0.00	0.00	7.74	0.00	0.65	24.52	0.32	2.90	0.32	2.58	0.00	42.26	2.58	0.65	0.00	0.00	0.00	0.32	0.00	0.00	0.00	0.00	0.00	0.32	0.00	0.00	0.00	0.00	0.00	0.00	0.00	0.00	14.60
181-1123C-1H-5,136-138	7.36	174.789	17.61	0.00	0.00	4.98	0.00	1.00	13.62	0.66	2.33	0.33	5.98	0.00	50.83	2.33	0.00	0.00	0.33	0.00	0.00	0.00	0.00	0.00	0.00	0.00	0.00	0.00	0.00	0.00	0.00	0.00	0.00	0.00	0.00	15.49
181-1123C-1H-5,142-144	7.42	176.076	17.14	0.00	0.00	6.03	0.00	1.59	19.05	0.63	2.54	0.63	5.08	0.00	44.13	1.59	1.27	0.00	0.00	0.00	0.00	0.00	0.00	0.00	0.00	0.00	0.32	0.00	0.00	0.00	0.00	0.00	0.00	0.00	0.00	15.31
181-1123B-2H-4,29-31	7.47	177.150	15.38	0.00	0.00	4.75	0.00	0.45	16.29	2.49	1.58	0.45	2.94	0.00	53.17	0.68	0.45	0.00	0.23	0.00	1.13	0.00	0.00	0.00	0.00	0.00	0.00	0.00	0.00	0.00	0.00	0.00	0.00	0.00	0.00	16.29
181-1123B-2H-4,40-42	7.58	179.520	13.38	0.00	0.00	6.31	0.00	0.96	21.41	0.57	0.96	0.00	4.40	0.00	49.52	1.15	0.38	0.00	0.19	0.00	0.76	0.00	0.00	0.00	0.00	0.00	0.00	0.00	0.00	0.00	0.00	0.00	0.00	0.00	0.00	15.25
181-1123B-2H-4,49-51	7.67	181.458	16.39	0.00	0.00	4.10	0.00	0.00	19.13	0.27	1.64	0.00	4.37	0.00	51.64	1.37	0.27	0.00	0.00	0.00	0.82	0.00	0.00	0.00	0.00	0.00	0.00	0.00	0.00	0.00	0.00	0.00	0.00	0.00	0.00	15.28
181-1123B-2H-4,60-62	7.78	183.819	15.96	0.00	0.00	2.61	0.00	0.00	13.36	0.33	0.33	0.33	3.26	0.00	62.21	0.98	0.33	0.00	0.00	0.00	0.33	0.00	0.00	0.00	0.00	0.00	0.00	0.00	0.00	0.00	0.00	0.00	0.00	0.00	0.00	16.33
181-1123B-2H-4,75-77	7.93	187.044	16.61	0.00	0.00	3.51	0.00	0.96	16.29	0.96	2.88	0.32	7.67	0.00	42.17	6.71	1.28	0.00	0.00	0.00	0.64	0.00	0.00	0.00	0.00	0.00	0.00	0.00	0.00	0.00	0.00	0.00	0.00	0.00	0.00	13.92
181-1123B-2H-4,80-82	7.98	188.118	20.13	0.00	0.00	0.64	0.00	0.00	11.82	0.32	1.28	0.00	2.56	0.00	60.70	1.60	0.32	0.00	0.64	0.00	0.00	0.00	0.00	0.00	0.00	0.00	0.00	0.00	0.00	0.00	0.00	0.00	0.00	0.00	0.00	16.25
181-1123B-2H-4,90-92	8.08	190.268	25.09	0.00	0.00	2.58	0.00	0.74	16.24	0.74	2.21	0.00	4.06	0.00	44.28	2.21	1.11	0.00	0.00	0.00	0.74	0.00	0.00	0.00	0.00	0.00	0.00	0.00	0.00	0.00	0.00	0.00	0.00	0.00	0.00	14.98
181-1123B-2H-4,98-100	8.16	191.986	29.77	0.00	0.00	4.05	0.00	2.02	14.74	0.87	4.62	0.00	2.60	0.00	39.60	0.87	0.29	0.00	0.00	0.00	0.58	0.00	0.00	0.00	0.00	0.00	0.00	0.00	0.00	0.00	0.00	0.00	0.00	0.00	0.00	15.04
181-1123B-2H-4,109-111	8.27	194.356	26.15	0.00	0.31	0.92	0.00	1.85	8.62	0.31	0.00	0.00	2.15	0.00	56.62	1.23	0.00	0.00	1.54	0.00	0.00	0.00	0.00	0.00	0.00	0.00	0.31	0.00	0.00	0.00	0.00	0.00	0.00	0.00	0.00	16.91
181-1123B-2H-4,120-122	8.38	196.717	21.13	0.00	0.94	2.82	0.00	0.47	6.81	0.94	0.94	0.00	0.47	0.00	62.44	1.41	0.47	0.00	0.70	0.00	0.47	0.00	0.00	0.00	0.00	0.00	0.00	0.00	0.00	0.00	0.00	0.00	0.00	0.00	0.00	16.90
181-1123B-2H-4,130-132	8.48	198.866	24.64	0.00	0.57	0.86	0.00	0.57	10.32	0.57	0.57	0.00	1.15	0.00	56.45	2.58	0.86	0.00	0.00	0.00	0.86	0.00	0.00	0.00	0.00	0.00	0.00	0.00	0.00	0.00	0.00	0.00	0.00	0.00	0.00	16.12
181-1123B-2H-5,3-5	8.71	203.791	27.91	0.00	0.54	4.34	0.00	0.81	11.11	0.54	0.27	0.81	0.00	0.00	47.97	0.27	1.36	0.00	1.08	0.00	1.90	0.00	0.00	0.00	0.81	0.00	0.27	0.00	0.00	0.00	0.00	0.00	0.00	0.00	0.00	17.79
181-1123B-2H-5,9-11	8.77	205.068	30.21	0.00	0.30	4.83	0.00	0.60	11.78	1.81	0.30	0.91	1.81	0.00	42.30	0.00	2.11	0.00	1.21	0.30	1.51	0.00	0.00	0.00	0.00	0.00	0.00	0.00	0.00	0.00	0.00	0.00	0.00	0.00	0.00	17.57
181-1123B-2H-5,20-22	8.88	207.411	25.00	0.00	0.00	5.81	0.00	0.29	12.50	0.29	0.00	0.00	2.91	0.00	50.87	1.74	0.00	0.00	0.29	0.00	0.29	0.00	0.00	0.00	0.00	0.00	0.00	0.00	0.00	0.00	0.00	0.00	0.00	0.00	0.00	15.92
181-1123B-2H-5,29-31	8.97	209.323	15.02	0.00	0.25	6.65	0.00	0.25	21.18	2.96	0.25	0.25	2.46	0.00	44.09	1.48	0.99	0.00	3.45	0.00	0.49	0.00	0.00	0.00	0.25	0.00	0.00	0.00	0.00	0.00	0.00	0.00	0.00	0.00	0.00	16.84
181-1123B-2H-5,40-42	9.08	211.666	16.63	0.00	0.44	13.35	0.00	1.09	19.47	4.81	1.09	0.22	2.41	0.00	37.20	0.66	0.66	0.00	1.53	0.00	0.44	0.00	0.00	0.00	0.00	0.00	0.00	0.00	0.00	0.00	0.00	0.00	0.00	0.00	0.00	16.07
181-1123B-2H-5,49-51	9.17	213.578	24.20	0.00	0.32	10.83	0.00	0.64	14.97	2.23	1.59	2.23	1.59	0.00	35.99	0.00	2.23	0.00	2.55	0.00	0.64	0.00	0.00	0.00	0.00	0.00	0.00	0.00	0.00	0.00	0.00	0.00	0.00	0.00	0.00	18.24
181-1123B-2H-5,60-62	9.28	215.922	24.84	0.00	0.00	4.52	0.00	0.00	20.00	0.00	0.32	0.00	0.65	0.00	45.48	1.29	0.97	0.00	0.65	0.00	1.29	0.00	0.00	0.00	0.00	0.00	0.00	0.00	0.00	0.00	0.00	0.00	0.00	0.00	0.00	15.91
181-1123B-2H-5,69-71	9.37	217.833	24.62	0.00	0.00	2.51	0.00	0.00	20.35	1.51	0.25	0.00	0.25	0.00	45.73	1.26	2.01	0.00	0.00	0.00	1.51	0.00	0.00	0.00	0.00	0.00	0.00	0.00	0.00	0.00	0.00	0.00	0.00	0.00	0.00	15.67
181-1123B-2H-5,80-82	9.48	220.177	29.84	0.00	0.00	4.44	0.00	0.95	21.27	1.90	1.90	0.00	1.27	0.00	35.24	0.63	0.95	0.00	0.00	0.00	0.95	0.00	0.00	0.00	0.00	0.00	0.63	0.00	0.00	0.00	0.00	0.00	0.00	0.00	0.00	14.99
181-1123B-2H-5,98-100	9.66	224.000	33.56	0.00	0.00	1.68	0.00	0.34	22.15	0.00	1.68	0.00	1.68	0.00	37.25	0.67	0.67	0.00	0.34	0.00	0.00	0.00	0.00	0.00	0.00	0.00	0.00	0.00	0.00	0.00	0.00	0.00	0.00	0.00	0.00	14.86
181-1123B-2H-5,110-112	9.78	228.818	15.47	0.00	0.00	2.02	0.00	0.00	17.94	0.45	1.35	0.22	1.79	0.00	58.52	0.45	0.90	0.00	0.90	0.00	0.00	0.00	0.00	0.00	0.00	0.00	0.00	0.00	0.00	0.00	0.00	0.00	0.00	0.00	0.00	16.38
181-1123B-2H-5,120-122	9.88	232.823	14.09	0.00	0.00	1.93	0.00	1.38	19.61	0.83	0.83	0.00	4.42	0.00	52.76	1.10	1.93	0.00	0.83	0.00	0.28	0.00	0.00	0.00	0.00	0.00	0.00	0.00	0.00	0.00	0.00	0.00	0.00	0.00	0.00	15.67
181-1123B-2H-5,130-132	9.98	236.844	36.22	0.00	0.00	2.17	0.00	1.55	24.46	1.24	0.00	0.62	1.86	0.00	26.01	0.62	0.31	0.00	3.10	0.31	1.55	0.00	0.00	0.00	0.00	0.00	0.00	0.00	0.00	0.00	0.00	0.00	0.00	0.00	0.00	16.91
181-1123B-2H-5,140-142	10.08	240.848	26.80	0.00	0.00	4.64	0.00	1.03	20.10	1.29	0.52	1.80	2.58	0.00	30.41	0.26	0.26	0.00	7.47	0.26	2.32	0.00	0.00	0.00	0.00	0.00	0.26	0.00	0.00	0.00	0.00	0.00	0.00	0.00	0.00	18.99
181-1123B-2H-6,3-5	10.21	245.417	22.54	0.00	0.00	3.38	0.00	0.28	12.68	0.28	1.97	0.28	3.66	0.00	47.32	2.25	1.97	0.00	0.85	0.00	1.97	0.00	0.00	0.00	0.28	0.00	0.28	0.00	0.00	0.00	0.00	0.00	0.00	0.00	0.00	16.35
181-1123B-2H-6,9-11	10.27	247.378	19.94	0.00	0.00	4.34	0.00	0.29	16.76	0.00	2.31	0.00	3.47	0.00	44.22	3.76	2.60	0.00	0.87	0.00	1.45	0.00	0.00	0.00	0.00	0.00	0.00	0.00	0.00	0.00	0.00	0.00	0.00	0.00	0.00	15.22
181-1123B-2H-6,20-22	10.38	251.000	29.18	0.00	0.00	7.29	0.00	0.61	19.76	0.00	2.43	0.00	5.17	0.00	31.31	2.74	0.91	0.00	0.00	0.00	0.30	0.00	0.00	0.00	0.30	0.00	0.00	0.00	0.00	0.00	0.00	0.00	0.00	0.00	0.00	13.72
181-1123B-2H-6,29-31	10.47	252.672	23.58	0.00	0.31	3.77	0.00	0.00	19.50	0.00	1.57	0.00	3.77	0.00	40.57	5.03	0.00	0.00	0.63	0.00	0.94	0.00	0.00	0.00	0.00	0.00	0.31	0.00	0.00	0.00	0.00	0.00	0.00	0.00	0.00	14.42
181-1123B-2H-6,40-42	10.58	254.710	13.17	0.00	0.00	1.46	0.00	0.00	15.12	0.00	0.49	0.49	1.71	0.00	60.49	2.68	1.71	0.00	0.24	0.00	1.71	0.00	0.00	0.00	0.24	0.00	0.49	0.00	0.00	0.00	0.00	0.00	0.00	0.00	0.00	16.49
181-1123B-2H-6,49-51	10.67	256.382	13.45	0.00	0.00	2.73	0.00	0.00	9.24	0.00	0.42	0.21	2.10	0.00	67.02	2.10	1.68	0.00	0.21	0.00	0.84	0.00	0.00	0.00	0.00	0.00	0.00	0.00	0.00	0.00	0.00	0.00	0.00	0.00	0.00	16.61
181-1123B-2H-6,60-62	10.78	258.420	15.75	0.00	0.00	2.62	0.00	0.79	8.14	0.00	0.79	0.26	0.79	0.00	67.19	0.26	1.57	0.00	0.26	0.00	1.57	0.00	0.00	0.00	0.00	0.00	0.00	0.00	0.00	0.00	0.00	0.00	0.00	0.00	0.00	17.21
181-1123B-2H-6,70-72	10.88	260.279	18.83	0.00	0.00	2.60	0.00	0.00	6.82	0.00	0.65	0.00	0.97	0.00	64.29	1.95	1.30	0.00	0.32	0.00	1.95	0.00	0.00	0.00	0.00	0.00	0.32	0.00	0.00	0.00	0.00	0.00	0.00	0.00	0.00	16.91
181-1123B-2H-6,80-82	10.98	262.130	27.99	0.00	0.00	0.29	0.00	0.29	9.04	0.58	0.87	0.00	0.29	0.00	56.56	2.04	0.29	0.00	0.29	0.00	1.17	0.00	0.00	0.00	0.29	0.00	0.00	0.00	0.00	0.00	0.00	0.00	0.00	0.00	0.00	16.58
181-1123C-2H-2,83-85	11.06	263.614	33.22	0.00	0.00	0.69	0.00	0.00	12.11	0.35	0.00	0.00	0.69	0.00	49.48	1.73	0.69	0.00	0.35	0.00	0.69	0.00	0.00	0.00	0.00	0.00	0.00	0.00	0.00	0.00	0.00	0.00	0.00	0.00	0.00	16.26
181-1123C-2H-2,102-104	11.25	267.089	43.46	0.00	0.00	2.31	0.00	0.38	18.46	0.38	1.15	0.77	2.69	0.00	25.77	1.92	1.92	0.00	0.38	0.00	0.38	0.00	0.00	0.00	0.00	0.00	0.00	0.00	0.00	0.00	0.00	0.00	0.00	0.00	0.00	15.29
181-1123C-2H-2,115-117	11.38	269.474	31.79	0.00	1.43	1.79	0.00	0.36	13.57	0.00	1.43	0.00	1.43	0.00	42.50	2.86	0.36	0.00	0.00	0.00	2.50	0.00	0.00	0.00	0.00	0.00	0.00	0.00	0.00	0.00	0.00	0.00	0.00	0.00	0.00	15.63
181-1123C-2H-2,123-125	11.46	270.939	29.55	0.00	0.38	2.65	0.00	0.38	14.77	0.00	0.00	0.00	3.79	0.00	42.42	3.41	1.89	0.00	0.00	0.00	0.76	0.00	0.00	0.00	0.00	0.00	0.00	0.00	0.00	0.00	0.00	0.00	0.00	0.00	0.00	14.97
181-1123C-2H-3,2-4	11.75	276.274	28.62	0.00	0.64	1.29	0.00	0.32	13.50	0.00	0.64	0.32	3.86	0.00	47.91	1.61	0.64	0.00	0.00	0.00	0.64	0.00	0.00	0.00	0.00	0.00	0.00	0.00	0.00	0.00	0.00	0.00	0.00	0.00	0.00	15.84
181-1123C-2H-3,15-17	11.88	278.669	22.78	0.00	0.63	0.95	0.00	0.63	15.19	0.00	0.63	0.00	1.58	0.00	56.33	0.95	0.32	0.00	0.00	0.00	0.00	0.00	0.00	0.00	0.00	0.00	0.00	0.00	0.00	0.00	0.00	0.00	0.00	0.00	0.00	15.93
181-1123C-2H-3,27-29	12.00	280.876	17.56	0.00	0.00	3.78	0.00	0.22	16.44	0.22	0.44	0.22	2.22	0.00	55.56	1.78	1.11	0.00	0.22	0.00	0.22	0.00	0.00	0.00	0.00	0.00	0.00	0.00	0.00	0.00	0.00	0.00	0.00	0.00	0.00	15.96
181-1123C-2H-3,37-39	12.10	282.717	16.78	0.00	0.00	3.15	0.00	0.35	14.34	1.05	0.70	0.00	2.10	0.00	56.64	3.15	1.40	0.00	0.00	0.00	0.35	0.00	0.00	0.00	0.00	0.00	0.00	0.00	0.00	0.00	0.00	0.00	0.00	0.00	0.00	15.62
181-1123C-2H-3,47-49	12.20	284.558	25.69	0.00	0.00	3.49	0.00	0.25	18.70	2.49	0.00	0.25	1.75	0.00	45.14	0.75	0.75	0.00	0.00	0.00	0.50	0.00	0.00	0.00	0.00	0.00	0.25	0.00	0.00	0.00	0.00	0.00	0.00	0.00	0.00	15.85
181-1123C-2H-3,57-59	12.30	286.399	22.79	0.00	0.00	3.95	0.00	0.00	13.72	0.47	0.00	1.16	1.40	0.00	52.33	1.16	0.70	0.00	1.16	0.00	1.16	0.00	0.00	0.00	0.00	0.00	0.00	0.00	0.00	0.00	0.00	0.00	0.00	0.00	0.00	17.38
181-1123C-2H-3,68-70	12.41	288.427	26.86	0.00	0.00	2.29	0.00	0.00	8.86	0.86	0.00	0.00	1.71	0.00	57.14	0.86	0.00	0.00	0.29	0.00	1.14	0.00	0.00	0.00	0.00	0.00	0.00	0.00	0.00	0.00	0.00	0.00	0.00	0.00	0.00	16.73
181-1123C-2H-3,78-80	12.51	290.268	30.15	0.00	0.00	3.38	0.00	0.31	7.38	0.31	0.62	0.00	2.77	0.00	52.00	1.23	0.92	0.00	0.62	0.00	0.31	0.00	0.00	0.00	0.00	0.00	0.00	0.00	0.00	0.00	0.00	0.00	0.00	0.00	0.00	16.52
181-1123C-2H-3,84-86	12.57	291.367	21.76	0.00	0.00	5.44	0.00	0.26	12.18	0.52	0.00	0.00	2.33	0.00	53.37	1.30	1.81	0.00	0.26	0.00	0.78	0.00	0.00	0.00	0.00	0.00	0.00	0.00	0.00	0.00	0.00	0.00	0.00	0.00	0.00	16.26
181-1123C-2H-3,97-99	12.70	293.762	22.52	0.00	0.00	1.69	0.00	1.21	12.83	0.97	0.48	0.00	0.97	0.00	56.66	0.73	0.97	0.00	0.24	0.00	0.73	0.00	0.00	0.00	0.00	0.00	0.00	0.00	0.00	0.00	0.00	0.00	0.00	0.00	0.00	16.44
181-1123C-2H-3,106-108	12.79	295.415	21.05	0.00	0.00	2.81	0.00	0.00	4.91	0.00	0.00	0.35	1.05	0.00	67.02	1.05	0.70	0.00	0.35	0.00	0.70	0.00	0.00	0.00	0.00	0.00	0.00	0.00	0.00	0.00	0.00	0.00	0.00	0.00	0.00	17.23
181-1123C-2H-3,113-115	12.86	296.702	17.65	0.00	0.00	2.82	0.00	0.24	5.88	0.00	0.00	0.00	0.71	0.00	68.71	1.41	1.65	0.00	0.94	0.00	0.00	0.00	0.00	0.00	0.00	0.00	0.00	0.00	0.00	0.00	0.00	0.00	0.00	0.00	0.00	17.06
181-1123C-2H-3,123-125	12.96	298.543	31.68	0.00	0.00	2.80	0.00	0.31	10.56	0.00	0.00	0.00	2.80	0.00	49.38	1.24	0.62	0.00	0.31	0.00	0.31	0.00	0.00	0.00	0.00	0.00	0.00	0.00	0.00	0.00	0.00	0.00	0.00	0.00	0.00	16.15
181-1123C-2H-3,133-135	13.06	300.384	26.50	0.00	0.00	1.77	0.00	1.06	15.19	0.00	0.00	0.00	4.24	0.00	47.70	2.12	1.06	0.00	0.35	0.00	0.00	0.00	0.00	0.00	0.00	0.00	0.00	0.00	0.00	0.00	0.00	0.00	0.00	0.00	0.00	15.43
181-1123C-2H-3,143-145	13.16	302.224	23.23	0.00	0.00	3.03	0.00	0.00	11.11	0.00	0.00	0.00	2.02	0.00	56.90	2.69	0.34	0.00	0.34	0.00	0.34	0.00	0.00	0.00	0.00	0.00	0.00	0.00	0.00	0.00	0.00	0.00	0.00	0.00	0.00	16.07
181-1123C-2H-4,7-9	13.30	304.563	26.38	0.00	0.00	5.80	0.00	0.29	12.17	0.00	0.00	0.00	1.74	0.00	51.88	0.00	0.29	0.00	0.29	0.00	1.16	0.00	0.00	0.00	0.00	0.00	0.00	0.00	0.00	0.00	0.00	0.00	0.00	0.00	0.00	16.63
181-1123C-2H-4,18-20	13.41	306.366	19.49	0.00	0.00	4.79	0.00	0.00	9.58	0.64	0.32	0.32	0.32	0.00	61.66	0.96	0.32	0.00	0.00	0.00	1.60	0.00	0.00	0.00	0.00	0.00	0.00	0.00	0.00	0.00	0.00	0.00	0.00	0.00	0.00	16.99
181-1123C-2H-4,22-24	13.45	307.024	24.75	0.00	0.00	2.31	0.00	0.00	4.62	0.00	0.00	0.00	0.66	0.00	64.36	1.65	0.99	0.00	0.00	0.00	0.66	0.00	0.00	0.00	0.00	0.00	0.00	0.00	0.00	0.00	0.00	0.00	0.00	0.00	0.00	16.85
181-1123C-2H-4,31-33	13.54	308.498	21.34	0.00	0.00	3.84	0.00	0.72	10.55	0.48	0.00	0.48	1.68	0.00	55.88	0.96	0.00	0.00	3.36	0.00	0.72	0.00	0.00	0.00	0.00	0.00	0.00	0.00	0.00	0.00	0.00	0.00	0.00	0.00	0.00	17.73
181-1123C-2H-4,48-50	13.71	311.278	27.17	0.00	0.00	6.79	0.00	0.00	7.34	0.27	0.27	0.54	1.09	0.00	53.80	0.27	1.09	0.00	0.82	0.00	0.54	0.00	0.00	0.00	0.00	0.00	0.00	0.00	0.00	0.00	0.00	0.00	0.00	0.00	0.00	17.43
181-1123C-2H-4,67-69	13.90	314.397	37.82	0.00	0.00	1.72	0.00	0.00	5.16	0.29	0.00	0.29	0.00	0.00	51.00	0.57	0.29	0.00	1.15	0.00	1.43	0.00	0.00	0.00	0.29	0.00	0.00	0.00	0.00	0.00	0.00	0.00	0.00	0.00	0.00	17.76
181-1123C-2H-4,77-79	14.00	316.031	38.23	0.00	0.00	1.83	0.00	0.00	3.06	0.31	0.00	0.61	0.92	0.00	51.99	0.00	0.00	0.00	0.31	0.00	2.75	0.00	0.00	0.00	0.00	0.00	0.00	0.00	0.00	0.00	0.00	0.00	0.00	0.00	0.00	17.96
181-1123C-2H-4,88-90	14.11	317.834	38.67	0.00	0.00	2.33	0.00	0.00	2.00	0.33	0.33	0.00	0.67	0.00	53.00	1.33	0.00	0.00	0.00	0.00	0.67	0.00	0.00	0.00	0.00	0.00	0.67	0.00	0.00	0.00	0.00	0.00	0.00	0.00	0.00	17.02
181-1123C-2H-4,98-100	14.21	319.468	35.62	0.00	0.00	0.33	0.00	0.00	2.61	0.33	0.33	0.33	0.65	0.00	56.86	2.29	0.33	0.00	0.00	0.00	0.33	0.00	0.00	0.00	0.00	0.00	0.00	0.00	0.00	0.00	0.00	0.00	0.00	0.00	0.00	16.91
181-1123C-2H-4,102-104	14.25	320.126	35.35	0.00	0.00	3.37	0.00	0.00	1.01	0.00	0.00	0.00	0.67	0.00	56.57	1.35	0.00	0.00	0.67	0.00	0.67	0.00	0.00	0.00	0.00	0.00	0.34	0.00	0.00	0.00	0.00	0.00	0.00	0.00	0.00	17.34
181-1123C-2H-4,112-114	14.35	321.769	30.34	0.00	0.00	8.98	0.00	0.31	3.72	0.00	0.31	0.00	0.62	0.00	53.87	1.24	0.31	0.00	0.00	0.00	0.31	0.00	0.00	0.00	0.00	0.00	0.00	0.00	0.00	0.00	0.00	0.00	0.00	0.00	0.00	16.82
181-1123C-2H-4,122-124	14.45	323.404	31.71	0.00	0.00	3.96	0.00	0.30	9.15	0.00	0.00	0.30	1.83	0.00	45.73	2.13	0.61	0.00	1.52	0.00	2.74	0.00	0.00	0.00	0.00	0.00	0.00	0.00	0.00	0.00	0.00	0.00	0.00	0.00	0.00	17.26
181-1123C-2H-4,138-140	14.61	326.024	42.33	0.00	0.00	6.00	0.00	0.00	9.67	1.67	0.33	0.33	1.33	0.00	33.00	1.00	0.00	0.00	1.33	0.00	2.33	0.00	0.00	0.00	0.00	0.00	0.67	0.00	0.00	0.00	0.00	0.00	0.00	0.00	0.00	17.39
181-1123C-2H-4,147-149	14.70	327.499	35.14	0.00	0.00	14.06	0.00	0.64	8.95	0.64	0.32	0.96	1.92	0.00	25.56	0.32	0.00	0.00	5.75	0.00	4.79	0.32	0.00	0.00	0.32	0.00	0.32	0.00	0.00	0.00	0.00	0.00	0.00	0.00	0.00	19.56
181-1123C-2H-5,1-3	14.74	331.565	27.50	0.00	0.00	8.08	0.00	0.77	13.08	1.35	0.38	2.12	1.92	0.00	32.12	1.35	0.58	0.00	7.31	0.00	2.69	0.00	0.00	0.00	0.19	0.00	0.58	0.00	0.00	0.00	0.00	0.00	0.00	0.00	0.00	19.20
181-1123C-2H-5,17-19	14.90	334.552	35.61	0.00	0.00	6.27	0.00	0.00	14.53	0.00	1.14	0.57	2.28	0.00	33.62	1.14	1.42	0.00	0.00	0.00	3.42	0.00	0.00	0.00	0.00	0.00	0.00	0.00	0.00	0.00	0.00	0.00	0.00	0.00	0.00	16.37
181-1123C-2H-5,27-29	15.00	336.412	34.24	0.00	0.34	3.73	0.00	0.68	20.00	0.00	1.02	0.68	4.07	0.00	29.83	1.69	0.68	0.00	0.00	0.00	1.69	0.00	0.00	0.00	1.02	0.00	0.34	0.00	0.00	0.00	0.00	0.00	0.00	0.00	0.00	15.50
181-1123C-2H-5,37-39	15.10	338.271	37.10	0.00	0.00	4.64	0.00	1.16	17.68	0.00	2.03	0.29	3.19	0.00	31.30	2.61	0.00	0.00	0.00	0.00	0.00	0.00	0.00	0.00	0.00	0.00	0.00	0.00	0.00	0.00	0.00	0.00	0.00	0.00	0.00	14.23
181-1123C-2H-5,48-50	15.21	340.319	34.04	0.00	0.60	5.42	0.00	1.20	18.67	0.00	2.41	0.00	3.31	0.00	32.23	1.81	0.30	0.00	0.00	0.00	0.00	0.00	0.00	0.00	0.00	0.00	0.00	0.00	0.00	0.00	0.00	0.00	0.00	0.00	0.00	14.04
181-1123C-2H-5,57-59	15.30	342.000	24.59	0.00	0.41	8.20	0.00	0.41	31.15	0.00	2.46	1.23	9.84	0.00	18.85	0.82	0.82	0.00	0.41	0.00	0.00	0.00	0.00	0.00	0.82	0.00	0.00	0.00	0.00	0.00	0.00	0.00	0.00	0.00	0.00	13.98
181-1123C-2H-5,67-69	15.40	343.983	35.88	0.00	1.00	2.66	0.00	0.33	16.28	0.00	0.66	0.33	2.33	0.00	37.21	1.66	0.66	0.00	0.00	0.00	1.00	0.00	0.00	0.00	0.00	0.00	0.00	0.00	0.00	0.00	0.00	0.00	0.00	0.00	0.00	15.50
181-1123C-2H-5,76-78	15.49	345.777	32.58	0.00	0.32	7.42	0.00	0.32	9.35	0.00	0.32	0.32	1.61	0.00	42.58	0.97	0.97	0.00	2.58	0.00	0.65	0.00	0.00	0.00	0.00	0.00	0.00	0.00	0.00	0.00	0.00	0.00	0.00	0.00	0.00	17.57
181-1123C-2H-5,87-89	15.60	347.960	31.46	0.00	0.00	4.97	0.00	0.99	12.58	0.33	0.00	0.00	0.99	0.00	45.03	0.99	0.33	0.00	1.66	0.00	0.66	0.00	0.00	0.00	0.00	0.00	0.00	0.00	0.00	0.00	0.00	0.00	0.00	0.00	0.00	16.84
181-1123C-2H-5,97-99	15.70	349.944	47.88	0.00	0.30	4.85	0.00	0.61	11.82	0.00	0.00	0.30	3.03	0.00	27.58	0.61	0.00	0.00	1.82	0.00	1.21	0.00	0.00	0.00	0.00	0.00	0.00	0.00	0.00	0.00	0.00	0.00	0.00	0.00	0.00	16.99
181-1123B-3H-1,110-112	15.72	350.345	36.72	0.00	0.28	5.37	0.00	0.28	12.43	0.00	0.00	0.00	5.08	0.00	35.59	1.69	0.85	0.00	1.13	0.00	0.56	0.00	0.00	0.00	0.00	0.00	0.00	0.00	0.00	0.00	0.00	0.00	0.00	0.00	0.00	15.73
181-1123B-3H-1,112-113		351.136	43.13	0.00	0.32	3.83	0.00	0.32	14.70	0.00	0.32	0.00	1.60	0.00	31.95	1.60	1.28	0.00	0.64	0.00	0.32	0.00	0.00	0.00	0.00	0.00	0.00	0.00	0.00	0.00	0.00	0.00	0.00	0.00	0.00	15.43
181-1123B-3H-1,120-124		353.129	45.52	0.00	1.43	10.39	0.00	0.72	20.43	0.00	0.00	0.00	0.36	0.00	13.98	1.43	0.00	0.00	3.58	0.00	2.15	0.00	0.00	0.00	0.00	0.00	0.00	0.00	0.00	0.00	0.00	0.00	0.00	0.00	0.00	16.91
181-1123B-3H-1,131-135		355.113	40.00	0.00	1.23	10.46	0.00	0.62	15.08	0.31	1.54	0.31	6.15	0.00	20.92	2.15	0.00	0.00	0.00	0.00	1.23	0.00	0.00	0.00	0.00	0.00	0.00	0.00	0.00	0.00	0.00	0.00	0.00	0.00	0.00	13.88
181-1123B-3H-1,140-144		357.096	38.24	0.00	0.94	15.67	0.00	1.25	16.30	0.31	1.25	0.00	3.76	0.00	18.81	0.63	0.63	0.00	1.57	0.00	0.63	0.00	0.00	0.00	0.00	0.00	0.00	0.00	0.00	0.00	0.00	0.00	0.00	0.00	0.00	15.01
181-1123B-3H-2,0-5		359.290	43.81	0.00	1.21	10.88	0.00	0.30	14.50	1.81	2.11	0.91	2.11	0.00	20.24	0.60	0.60	0.00	0.30	0.00	0.60	0.00	0.00	0.00	0.00	0.00	0.00	0.00	0.00	0.00	0.00	0.00	0.00	0.00	0.00	15.98
181-1123B-3H-2,7-9	16.19	359.681	41.06	0.00	0.66	12.91	0.00	0.00	10.26	0.33	2.65	0.33	3.64	0.00	25.83	0.33	0.00	0.00	0.99	0.00	0.99	0.00	0.00	0.00	0.00	0.00	0.00	0.00	0.00	0.00	0.00	0.00	0.00	0.00	0.00	16.28
181-1123B-3H-2,14-16	16.26	361.073	29.52	0.00	0.74	8.86	0.00	0.00	11.44	0.00	0.00	0.00	2.21	0.00	44.28	1.11	0.74	0.00	0.74	0.00	0.00	0.00	0.00	0.00	0.37	0.00	0.00	0.00	0.00	0.00	0.00	0.00	0.00	0.00	0.00	16.31
181-1123B-3H-2,24-26	16.36	363.067	33.44	0.00	0.33	8.03	0.00	0.00	10.37	0.00	0.00	0.33	2.68	0.00	42.14	1.34	0.33	0.00	0.33	0.00	0.33	0.00	0.00	0.00	0.33	0.00	0.00	0.00	0.00	0.00	0.00	0.00	0.00	0.00	0.00	16.38
181-1123B-3H-2,34-36	16.46	365.050	21.48	0.00	0.00	11.07	0.00	0.00	8.39	0.00	0.00	0.34	0.34	0.00	54.70	0.00	1.34	0.00	0.34	0.00	2.01	0.00	0.00	0.00	0.00	0.00	0.00	0.00	0.00	0.00	0.00	0.00	0.00	0.00	0.00	17.37
181-1123B-3H-2,44-46	16.56	367.044	21.50	0.00	0.65	7.49	0.00	0.33	15.31	0.00	0.00	0.33	1.63	0.00	51.47	0.33	0.65	0.00	0.00	0.00	0.33	0.00	0.00	0.00	0.00	0.00	0.00	0.00	0.00	0.00	0.00	0.00	0.00	0.00	0.00	16.34
181-1123B-3H-2,54-56	16.66	369.027	20.00	0.00	0.00	5.09	0.00	0.19	15.09	0.75	0.57	0.38	1.89	0.00	52.45	1.13	0.57	0.00	1.32	0.00	0.00	0.00	0.00	0.00	0.38	0.00	0.19	0.00	0.00	0.00	0.00	0.00	0.00	0.00	0.00	16.87
181-1123B-3H-2,64-66	16.76	371.011	27.32	0.00	0.27	7.69	0.00	0.27	9.81	0.00	0.00	0.80	2.65	0.00	45.36	0.53	0.80	0.00	3.18	0.00	1.33	0.00	0.00	0.00	0.00	0.00	0.00	0.00	0.00	0.00	0.00	0.00	0.00	0.00	0.00	18.02
181-1123B-3H-2,73-75	16.85	372.804	26.06	0.00	0.35	13.03	0.00	0.35	8.45	0.35	0.35	0.00	1.76	0.00	41.55	1.06	0.70	0.00	1.41	0.00	4.58	0.00	0.00	0.00	0.00	0.00	0.00	0.00	0.00	0.00	0.00	0.00	0.00	0.00	0.00	17.56
181-1123B-3H-2,83-85	16.95	374.787	38.18	0.00	0.00	14.24	0.00	0.30	13.64	0.61	1.82	0.61	2.42	0.00	24.85	1.21	0.61	0.00	0.30	0.00	0.91	0.00	0.00	0.00	0.30	0.00	0.00	0.00	0.00	0.00	0.00	0.00	0.00	0.00	0.00	15.84
181-1123B-3H-2,93-95	17.05	376.781	30.32	0.00	0.00	14.19	0.00	0.65	15.81	0.00	0.32	0.00	2.26	0.00	33.87	0.65	0.00	0.00	1.29	0.00	0.65	0.00	0.00	0.00	0.00	0.00	0.00	0.00	0.00	0.00	0.00	0.00	0.00	0.00	0.00	15.94
181-1123B-3H-2,101-103	17.13	378.363	25.82	0.00	0.70	11.27	0.00	0.47	14.08	0.23	0.00	0.23	1.88	0.00	43.43	0.70	0.70	0.00	0.00	0.00	0.47	0.00	0.00	0.00	0.00	0.00	0.00	0.00	0.00	0.00	0.00	0.00	0.00	0.00	0.00	16.06
181-1123B-3H-2,113-115	17.25	380.758	30.00	0.00	1.33	5.78	0.00	0.44	5.78	0.00	0.00	1.33	0.67	0.00	51.11	1.11	0.22	0.00	0.22	0.00	1.78	0.00	0.00	0.00	0.00	0.00	0.22	0.00	0.00	0.00	0.00	0.00	0.00	0.00	0.00	17.84
181-1123B-3H-2,123-125	17.35	382.741	34.61	0.00	0.85	2.76	0.00	0.85	15.29	0.00	0.21	0.64	1.70	0.00	40.13	0.00	0.42	0.00	1.27	0.00	0.85	0.00	0.00	0.00	0.00	0.00	0.42	0.00	0.00	0.00	0.00	0.00	0.00	0.00	0.00	17.12
181-1123B-3H-2,133-135	17.45	384.725	50.25	0.00	1.51	5.78	0.00	0.25	5.78	0.25	0.25	0.50	0.25	0.00	30.40	0.25	0.50	0.00	1.51	0.00	2.26	0.00	0.00	0.00	0.00	0.00	0.25	0.00	0.00	0.00	0.00	0.00	0.00	0.00	0.00	18.26
181-1123B-3H-2,144-146	17.56	386.918	43.34	0.00	0.93	5.26	0.00	0.00	4.33	0.00	0.00	0.00	0.31	0.00	44.58	0.31	0.00	0.00	0.31	0.00	0.62	0.00	0.00	0.00	0.00	0.00	0.00	0.00	0.00	0.00	0.00	0.00	0.00	0.00	0.00	17.18
181-1123B-3H-3,3-5	17.65	388.762	36.93	0.00	2.94	7.52	0.00	0.00	9.48	0.00	0.65	0.65	2.29	0.00	35.62	0.33	0.00	0.00	0.98	0.00	2.29	0.00	0.00	0.00	0.00	0.00	0.33	0.00	0.00	0.00	0.00	0.00	0.00	0.00	0.00	17.54
181-1123B-3H-3,13-15	17.75	390.815	38.10	0.00	1.49	8.33	0.00	0.60	4.17	0.30	0.30	0.89	0.89	0.00	43.15	0.30	0.30	0.00	0.60	0.00	0.30	0.00	0.00	0.00	0.30	0.00	0.00	0.00	0.00	0.00	0.00	0.00	0.00	0.00	0.00	17.76
181-1123B-3H-3,23-25	17.85	392.869	37.68	0.00	1.41	8.45	0.00	0.70	3.52	0.00	0.00	0.35	0.35	0.00	44.37	0.00	0.35	0.00	2.82	0.00	0.00	0.00	0.00	0.00	0.00	0.00	0.00	0.00	0.00	0.00	0.00	0.00	0.00	0.00	0.00	18.23
181-1123B-3H-3,33-35	17.95	394.932	32.77	0.00	1.41	5.65	0.00	0.85	4.24	0.28	0.28	0.56	1.69	0.00	46.89	1.41	0.85	0.00	2.82	0.00	0.28	0.00	0.00	0.00	0.00	0.00	0.00	0.00	0.00	0.00	0.00	0.00	0.00	0.00	0.00	18.09
181-1123B-3H-3,34-36	17.96	395.133	22.75	0.00	0.00	2.53	0.00	0.00	3.93	0.00	0.00	0.28	0.28	0.00	60.96	1.12	0.84	0.00	6.74	0.00	0.56	0.00	0.00	0.00	0.00	0.00	0.00	0.00	0.00	0.00	0.00	0.00	0.00	0.00	0.00	18.62
181-1123B-3H-3,40-42	18.02	396.365	40.79	0.00	0.36	6.86	0.00	1.44	5.42	0.00	0.00	0.00	1.81	0.00	35.38	1.08	0.36	0.00	5.05	0.00	1.44	0.00	0.00	0.00	0.00	0.00	0.00	0.00	0.00	0.00	0.00	0.00	0.00	0.00	0.00	18.44
181-1123B-3H-3,54-56	18.16	399.240	38.75	0.00	1.56	4.06	0.00	0.31	5.63	0.00	0.00	0.94	0.00	0.00	43.44	0.63	0.00	0.00	4.06	0.00	0.63	0.00	0.00	0.00	0.00	0.00	0.00	0.00	0.00	0.00	0.00	0.00	0.00	0.00	0.00	18.65
181-1123B-3H-3,71-73	18.33	402.736	21.66	0.00	0.22	4.60	0.00	0.00	5.47	0.22	0.00	0.88	0.66	0.00	54.92	0.66	0.66	0.00	8.10	0.88	1.09	0.00	0.00	0.00	0.00	0.00	0.00	0.00	0.00	0.00	0.00	0.00	0.00	0.00	0.00	18.96
181-1123B-3H-3,82-84	18.44	405.000	33.46	0.00	0.19	7.27	0.00	0.00	8.41	0.00	0.57	0.96	2.10	0.00	36.14	0.38	0.38	0.00	7.27	0.00	2.87	0.00	0.00	0.00	0.00	0.00	0.00	0.00	0.00	0.00	0.00	0.00	0.00	0.00	0.00	19.26
181-1123B-3H-3,93-95	18.55	410.216	32.00	0.00	0.00	4.60	0.00	0.00	7.80	1.20	0.20	3.20	4.20	0.00	36.40	1.40	0.40	0.00	6.60	0.00	1.80	0.00	0.00	0.00	0.00	0.00	0.20	0.00	0.00	0.00	0.00	0.00	0.00	0.00	0.00	18.96
181-1123B-3H-3,108-110	18.70	417.356	34.94	0.00	0.00	4.58	0.00	0.72	13.01	0.24	0.24	0.72	1.45	0.00	36.39	0.96	0.96	0.00	2.17	0.00	3.37	0.00	0.00	0.00	0.00	0.00	0.24	0.00	0.00	0.00	0.00	0.00	0.00	0.00	0.00	17.92
181-1123B-3H-3,112-114	18.74	419.257	35.75	0.00	0.00	4.15	0.00	1.04	12.69	0.52	0.26	1.04	2.59	0.00	40.16	0.78	0.26	0.00	0.00	0.00	0.78	0.00	0.00	0.00	0.00	0.00	0.00	0.00	0.00	0.00	0.00	0.00	0.00	0.00	0.00	16.96
181-1123B-3H-3,122-124	18.84	424.009	40.06	0.00	0.31	4.35	0.00	0.62	18.94	0.00	1.55	0.00	3.73	0.00	27.02	3.11	0.31	0.00	0.00	0.00	0.00	0.00	0.00	0.00	0.00	0.00	0.00	0.00	0.00	0.00	0.00	0.00	0.00	0.00	0.00	13.30
181-1123B-3H-3,132-134	18.94	428.761	46.87	0.00	0.00	4.18	0.00	0.00	25.37	0.30	1.19	0.00	3.88	0.00	15.52	2.09	0.30	0.00	0.00	0.00	0.00	0.00	0.00	0.00	0.00	0.00	0.30	0.00	0.00	0.00	0.00	0.00	0.00	0.00	0.00	12.04
181-1123B-3H-3,143-145	19.05	434.000	42.01	0.00	0.59	2.37	0.00	0.00	30.77	0.00	1.78	0.00	3.55	0.00	15.38	3.25	0.30	0.00	0.00	0.00	0.00	0.00	0.00	0.00	0.00	0.00	0.00	0.00	0.00	0.00	0.00	0.00	0.00	0.00	0.00	11.59
181-1123B-3H-4,3-5	19.15	435.760	35.13	0.00	0.32	2.53	0.00	0.32	31.33	0.00	2.53	0.00	3.16	0.00	23.10	0.95	0.63	0.00	0.00	0.00	0.00	0.00	0.00	0.00	0.00	0.00	0.00	0.00	0.00	0.00	0.00	0.00	0.00	0.00	0.00	12.80
181-1123B-3H-4,13-15	19.25	437.529	34.04	0.00	0.71	2.84	0.00	0.71	31.21	0.00	2.48	0.00	4.61	0.00	20.57	2.48	0.35	0.00	0.00	0.00	0.00	0.00	0.00	0.00	0.00	0.00	0.00	0.00	0.00	0.00	0.00	0.00	0.00	0.00	0.00	12.20
181-1123B-3H-4,23-25	19.35	439.305	35.00	0.00	0.59	2.35	0.00	0.00	26.18	0.00	1.47	0.00	1.47	0.00	30.29	1.76	0.88	0.00	0.00	0.00	0.00	0.00	0.00	0.00	0.00	0.00	0.00	0.00	0.00	0.00	0.00	0.00	0.00	0.00	0.00	13.73
181-1123B-3H-4,33-35	19.45	441.081	43.63	0.00	0.00	1.08	0.00	0.00	25.47	0.00	2.98	0.00	3.25	0.00	18.97	4.07	0.54	0.00	0.00	0.00	0.00	0.00	0.00	0.00	0.00	0.00	0.00	0.00	0.00	0.00	0.00	0.00	0.00	0.00	0.00	11.81
181-1123B-3H-4,43-45	19.55	442.850	38.13	0.00	1.25	3.44	0.00	0.00	32.19	0.00	2.50	0.00	5.63	0.00	13.44	2.50	0.94	0.00	0.00	0.00	0.00	0.00	0.00	0.00	0.00	0.00	0.00	0.00	0.00	0.00	0.00	0.00	0.00	0.00	0.00	11.37
181-1123B-3H-4,53-55	19.65	444.626	32.63	0.00	0.53	3.42	0.00	0.00	29.74	0.00	2.37	0.00	3.95	0.00	25.00	1.32	0.79	0.00	0.26	0.00	0.00	0.00	0.00	0.00	0.00	0.00	0.00	0.00	0.00	0.00	0.00	0.00	0.00	0.00	0.00	13.11
181-1123B-3H-4,63-65	19.75	446.402	31.21	0.00	0.00	2.87	0.00	0.00	24.84	0.00	2.55	0.00	1.27	0.00	34.71	1.91	0.32	0.00	0.00	0.00	0.32	0.00	0.00	0.00	0.00	0.00	0.00	0.00	0.00	0.00	0.00	0.00	0.00	0.00	0.00	14.04
181-1123B-3H-4,71-73	19.83	447.817	34.28	0.00	0.00	4.82	0.00	0.28	21.25	0.00	0.28	0.00	1.42	0.00	36.26	0.57	0.28	0.00	0.28	0.00	0.28	0.00	0.00	0.00	0.00	0.00	0.00	0.00	0.00	0.00	0.00	0.00	0.00	0.00	0.00	15.10
181-1123B-3H-4,81-83	19.93	449.594	43.20	0.00	0.00	2.96	0.00	0.59	15.68	0.00	0.59	0.59	2.07	0.00	32.84	0.89	0.00	0.00	0.00	0.00	0.59	0.00	0.00	0.00	0.00	0.00	0.00	0.00	0.00	0.00	0.00	0.00	0.00	0.00	0.00	15.84
181-1123B-3H-4,88-90	20.01	451.016	53.72	0.00	0.28	5.79	0.00	0.00	9.09	0.00	1.10	0.00	1.10	0.00	25.90	0.00	2.20	0.00	0.28	0.00	0.28	0.00	0.00	0.00	0.00	0.00	0.28	0.00	0.00	0.00	0.00	0.00	0.00	0.00	0.00	16.06
181-1123B-3H-4,92-94	20.04	451.547	56.82	0.00	0.00	3.90	0.00	0.32	10.39	0.00	0.00	0.00	1.62	0.00	25.65	1.30	0.00	0.00	0.00	0.00	0.00	0.00	0.00	0.00	0.00	0.00	0.00	0.00	0.00	0.00	0.00	0.00	0.00	0.00	0.00	14.95
181-1123B-3H-4,98-100	20.11	452.785	40.00	0.00	0.00	5.16	0.00	0.00	16.77	0.65	0.00	0.00	3.66	0.00	29.25	1.94	1.72	0.00	0.43	0.00	0.22	0.00	0.00	0.00	0.22	0.00	0.00	0.00	0.00	0.00	0.00	0.00	0.00	0.00	0.00	14.60
181-1123B-3H-4,108-110	20.21	454.553	45.19	0.00	0.29	7.00	0.00	0.58	18.95	0.00	0.00	0.00	2.04	0.00	21.57	2.33	1.17	0.00	0.87	0.00	0.00	0.00	0.00	0.00	0.00	0.00	0.00	0.00	0.00	0.00	0.00	0.00	0.00	0.00	0.00	14.18
181-1123B-3H-4,118-120	20.31	456.321	34.97	0.00	0.55	5.46	0.00	0.27	29.78	0.00	0.27	0.00	2.46	0.00	22.95	0.55	1.09	0.00	1.37	0.00	0.27	0.00	0.00	0.00	0.00	0.00	0.00	0.00	0.00	0.00	0.00	0.00	0.00	0.00	0.00	14.51
181-1123B-3H-4,128-130	20.41	458.090	27.69	0.00	0.58	5.19	0.00	0.38	32.31	1.35	1.35	0.00	2.69	0.00	25.38	1.35	1.35	0.00	0.19	0.00	0.19	0.00	0.00	0.00	0.00	0.00	0.00	0.00	0.00	0.00	0.00	0.00	0.00	0.00	0.00	13.54
181-1123B-3H-4,138-140	20.51	459.858	29.04	0.00	0.30	4.49	0.00	0.60	23.65	0.00	0.90	0.00	2.40	0.00	35.03	1.50	0.90	0.00	0.00	0.00	0.60	0.00	0.00	0.00	0.60	0.00	0.00	0.00	0.00	0.00	0.00	0.00	0.00	0.00	0.00	15.00
181-1123B-3H-4,148-150	20.61	461.626	37.47	0.00	0.25	2.23	0.00	0.50	22.58	0.00	0.25	0.00	0.99	0.00	30.77	2.98	0.50	0.00	0.99	0.00	0.50	0.00	0.00	0.00	0.00	0.00	0.00	0.00	0.00	0.00	0.00	0.00	0.00	0.00	0.00	14.54
181-1123B-3H-5,8-10	20.71	463.395	31.71	0.26	1.02	1.79	0.00	0.26	19.44	0.77	2.05	0.00	2.81	0.00	36.06	1.02	2.81	0.00	0.00	0.00	0.00	0.00	0.00	0.00	0.00	0.00	0.00	0.00	0.00	0.00	0.00	0.00	0.00	0.00	0.00	14.61
181-1123B-3H-5,18-20	20.81	465.243	24.30	0.00	0.28	4.47	0.00	0.28	20.11	2.51	0.28	0.28	3.07	0.00	39.39	2.23	2.79	0.00	0.00	0.00	0.00	0.00	0.00	0.00	0.00	0.00	0.00	0.00	0.00	0.00	0.00	0.00	0.00	0.00	0.00	14.97
181-1123B-3H-5,28-30	20.91	467.012	24.50	0.00	0.40	6.43	0.00	0.00	7.83	0.00	0.60	0.00	1.61	0.00	54.02	1.20	3.01	0.00	0.40	0.00	0.00	0.00	0.00	0.00	0.00	0.00	0.00	0.00	0.00	0.00	0.00	0.00	0.00	0.00	0.00	16.52
181-1123B-3H-5,38-40	21.01	468.780	24.23	0.00	4.28	9.98	0.00	0.00	8.31	1.43	0.24	0.00	2.61	0.00	44.18	1.43	2.38	0.00	0.00	0.00	0.48	0.00	0.00	0.00	0.24	0.00	0.24	0.00	0.00	0.00	0.00	0.00	0.00	0.00	0.00	16.16
181-1123B-3H-5,47-49	21.11	470.548	21.17	0.00	0.00	4.29	0.00	0.00	7.67	0.00	0.00	0.00	0.31	0.00	56.13	3.07	6.75	0.00	0.61	0.00	0.00	0.00	0.00	0.00	0.00	0.00	0.00	0.00	0.00	0.00	0.00	0.00	0.00	0.00	0.00	16.53
181-1123B-3H-5,58-60	21.21	472.317	27.64	0.00	0.00	6.22	0.00	0.14	6.80	0.58	0.29	0.00	1.88	0.00	50.65	1.88	2.46	0.00	1.01	0.00	0.43	0.00	0.00	0.00	0.00	0.00	0.00	0.00	0.00	0.00	0.00	0.00	0.00	0.00	0.00	16.73
181-1123B-3H-5,68-70	21.31	474.085	30.03	0.66	1.32	6.60	0.00	0.33	8.91	0.00	0.00	0.33	1.32	0.00	47.19	1.32	1.98	0.00	0.00	0.00	0.00	0.00	0.00	0.00	0.00	0.00	0.00	0.00	0.00	0.00	0.00	0.00	0.00	0.00	0.00	16.50
181-1123B-3H-5,78-80	21.41	475.853	32.93	0.91	0.30	9.06	0.00	0.00	7.85	0.30	0.00	0.60	1.21	0.00	41.09	1.51	3.93	0.00	0.00	0.00	0.00	0.00	0.00	0.00	0.00	0.00	0.30	0.00	0.00	0.00	0.00	0.00	0.00	0.00	0.00	16.73
181-1123B-3H-5,88-90	21.51	477.622	27.83	0.58	3.48	6.38	0.00	0.00	8.12	0.87	0.29	0.00	1.74	0.00	44.93	1.74	2.61	0.00	0.00	0.00	1.45	0.00	0.00	0.00	0.00	0.00	0.00	0.00	0.00	0.00	0.00	0.00	0.00	0.00	0.00	16.34
181-1123B-3H-5,98-100	21.61	479.390	23.32	0.26	1.30	8.81	0.00	0.00	7.51	0.00	0.00	0.00	0.52	0.00	54.15	1.04	2.33	0.00	0.00	0.00	0.52	0.00	0.00	0.00	0.00	0.00	0.00	0.00	0.00	0.00	0.00	0.00	0.00	0.00	0.26	16.69
181-1123B-3H-5,108-110	21.71	481.158	22.40	0.00	0.00	6.56	0.00	0.00	9.02	1.37	0.27	0.00	2.73	0.00	47.27	6.83	2.73	0.00	0.00	0.00	0.55	0.00	0.00	0.00	0.00	0.00	0.27	0.00	0.00	0.00	0.00	0.00	0.00	0.00	0.00	14.89
181-1123B-3H-5,118-120	21.81	482.927	18.56	0.25	0.50	2.48	0.00	0.00	5.69	0.00	0.74	0.50	1.24	0.00	64.11	3.47	1.98	0.00	0.00	0.00	0.50	0.00	0.00	0.00	0.00	0.00	0.00	0.00	0.00	0.00	0.00	0.00	0.00	0.00	0.00	16.64
181-1123B-3H-5,128-130	21.91	484.695	25.65	0.65	1.62	2.27	0.00	0.00	3.57	0.00	0.00	0.00	0.32	0.00	60.71	2.60	1.30	0.00	0.65	0.00	0.65	0.00	0.00	0.00	0.00	0.00	0.00	0.00	0.00	0.00	0.00	0.00	0.00	0.00	0.00	16.95
181-1123B-3H-5,138-140	22.01	486.463	30.79	0.99	0.00	2.32	0.00	0.33	4.64	0.00	0.00	0.00	0.00	0.00	55.30	1.99	3.31	0.00	0.00	0.00	0.33	0.00	0.00	0.00	0.00	0.00	0.00	0.00	0.00	0.00	0.00	0.00	0.00	0.00	0.00	16.71
181-1123B-3H-5,148-150	22.11	488.232	41.18	0.93	0.62	2.48	0.00	0.00	4.95	0.31	0.62	0.00	0.00	0.00	45.51	1.24	0.93	0.00	0.31	0.00	0.93	0.00	0.00	0.00	0.00	0.00	0.00	0.00	0.00	0.00	0.00	0.00	0.00	0.00	0.00	17.31
181-1123B-3H-6,5-7	22.21	490.000	32.90	0.52	0.26	3.37	0.00	0.00	5.18	0.00	0.00	1.30	0.00	0.00	52.59	1.55	1.04	0.00	1.04	0.00	0.26	0.00	0.00	0.00	0.00	0.00	0.00	0.00	0.00	0.00	0.00	0.00	0.00	0.00	0.00	17.82
181-1123B-3H-6,17-19	22.31	492.085	33.89	1.12	0.00	2.52	0.00	0.00	4.20	0.56	0.00	0.28	0.84	0.00	50.42	2.80	1.96	0.00	0.28	0.00	0.56	0.00	0.00	0.00	0.28	0.00	0.28	0.00	0.00	0.00	0.00	0.00	0.00	0.00	0.00	16.83
181-1123B-3H-6,27-29	22.41	494.080	35.19	0.62	0.31	3.40	0.00	0.00	6.79	0.62	0.00	0.62	1.54	0.00	44.14	0.62	2.47	0.00	1.23	0.31	1.85	0.00	0.00	0.00	0.00	0.00	0.31	0.00	0.00	0.00	0.00	0.00	0.00	0.00	0.00	17.75
181-1123B-3H-6,38-40	22.51	496.075	31.02	2.97	0.00	2.31	0.33	0.33	9.90	1.98	0.00	0.66	2.31	0.00	43.56	1.65	1.32	0.00	1.32	0.00	0.33	0.00	0.00	0.00	0.00	0.00	0.00	0.00	0.00	0.00	0.00	0.00	0.00	0.00	0.00	16.98
181-1123B-3H-6,48-50	22.61	498.069	23.60	1.47	0.59	2.95	0.00	0.00	17.40	1.77	0.00	0.00	1.77	0.00	44.54	0.88	1.77	0.00	2.06	0.00	1.18	0.00	0.00	0.00	0.00	0.00	0.00	0.00	0.00	0.00	0.00	0.00	0.00	0.00	0.00	17.03
181-1123B-3H-6,58-60	22.71	500.064	29.28	0.55	0.55	4.79	0.00	0.00	12.89	3.87	0.00	0.74	1.29	0.00	40.88	1.29	0.74	0.00	1.10	0.00	2.03	0.00	0.00	0.00	0.00	0.00	0.00	0.00	0.00	0.00	0.00	0.00	0.00	0.00	0.00	17.16
181-1123B-3H-6,68-70	22.81	502.059	35.63	0.63	0.00	3.44	0.00	0.31	15.63	0.31	0.31	0.00	0.94	0.00	37.19	1.25	1.25	0.00	1.25	0.00	1.56	0.00	0.00	0.00	0.00	0.00	0.31	0.00	0.00	0.00	0.00	0.00	0.00	0.00	0.00	16.42
181-1123B-3H-6,78-80	22.91	504.053	33.26	0.44	0.00	5.29	0.00	0.00	13.22	2.86	0.44	0.44	1.32	0.00	37.00	1.32	1.54	0.00	1.54	0.22	1.10	0.00	0.00	0.00	0.00	0.00	0.00	0.00	0.00	0.00	0.00	0.00	0.00	0.00	0.00	16.94
181-1123B-3H-6,88-90	23.01	506.229	25.36	0.00	0.21	4.12	0.00	0.00	14.64	0.21	0.00	1.03	1.24	0.00	47.63	1.44	2.89	0.00	0.82	0.00	0.00	0.00	0.00	0.00	0.00	0.00	0.41	0.00	0.00	0.00	0.00	0.00	0.00	0.00	0.00	16.98
181-1123C-3H-3,80-82	23.11	508.496	21.37	0.17	0.33	6.68	0.00	0.33	12.85	0.83	0.00	1.00	1.67	0.00	50.42	1.67	1.00	0.00	1.00	0.00	0.17	0.00	0.00	0.00	0.17	0.00	0.33	0.00	0.00	0.00	0.00	0.00	0.00	0.00	0.00	17.06
181-1123C-3H-3,90-92	23.21	510.853	21.82	0.00	0.23	3.41	0.00	0.00	14.09	0.45	0.23	0.45	2.27	0.00	52.05	2.05	1.59	0.00	0.23	0.23	0.45	0.00	0.00	0.00	0.45	0.00	0.00	0.00	0.00	0.00	0.00	0.00	0.00	0.00	0.00	16.32
181-1123C-3H-3,100-102	23.31	513.120	27.37	1.03	0.62	2.47	0.00	0.21	16.46	0.62	0.41	0.41	1.65	0.00	44.65	2.06	1.03	0.00	0.62	0.00	0.41	0.00	0.00	0.00	0.00	0.00	0.00	0.00	0.00	0.00	0.00	0.00	0.00	0.00	0.00	16.06
181-1123C-3H-3,110-112	23.41	515.387	27.81	0.80	0.27	1.87	0.00	0.27	17.11	0.00	0.53	0.27	1.87	0.00	42.78	2.14	2.41	0.00	0.53	0.00	1.34	0.00	0.00	0.00	0.00	0.00	0.00	0.00	0.00	0.00	0.00	0.00	0.00	0.00	0.00	15.93
181-1123C-3H-3,120-122	23.51	517.744	32.76	0.73	0.00	2.44	0.00	0.24	14.18	2.44	0.24	0.73	3.42	0.00	37.16	1.71	0.98	0.00	0.98	0.00	1.71	0.00	0.00	0.00	0.24	0.00	0.00	0.00	0.00	0.00	0.00	0.00	0.00	0.00	0.00	16.67
181-1123C-3H-3,130-132	23.61	520.011	27.03	1.35	0.00	2.16	0.00	0.27	15.41	0.27	0.00	1.62	2.70	0.00	42.16	1.08	3.78	0.00	0.81	0.00	1.08	0.00	0.00	0.00	0.27	0.00	0.00	0.00	0.00	0.00	0.00	0.00	0.00	0.00	0.00	17.34
181-1123C-3H-3,140-142	23.71	522.368	27.54	0.40	0.60	1.80	0.00	0.00	14.97	2.59	0.40	1.20	2.40	0.00	44.31	1.60	0.80	0.00	0.40	0.00	1.00	0.00	0.00	0.00	0.00	0.00	0.00	0.00	0.00	0.00	0.00	0.00	0.00	0.00	0.00	16.95
181-1123C-3H-3,147-149	23.78	524.000	28.36	0.43	0.21	1.92	0.00	0.43	15.14	1.49	1.49	2.99	2.77	0.00	36.67	2.35	2.99	0.00	1.49	0.00	1.28	0.00	0.00	0.00	0.00	0.00	0.00	0.00	0.00	0.00	0.00	0.00	0.00	0.00	0.00	17.86
181-1123C-3H-4,10-12	23.91	525.958	24.30	0.47	0.47	1.87	0.00	0.23	15.19	2.34	1.17	2.10	3.97	0.00	39.72	0.93	2.57	0.00	0.23	0.00	3.04	0.00	0.00	0.00	0.00	0.00	1.40	0.00	0.00	0.00	0.00	0.00	0.00	0.00	0.00	17.54
181-1123C-3H-4,20-22	24.01	527.441	25.49	0.20	0.00	1.58	0.00	0.00	12.85	0.40	0.00	1.78	2.77	0.00	47.23	2.37	3.16	0.00	0.00	0.00	2.17	0.00	0.00	0.00	0.00	0.00	0.00	0.00	0.00	0.00	0.00	0.00	0.00	0.00	0.00	17.34
181-1124C-3H-4,30-32	24.11	528.983	32.57	1.15	0.34	0.80	0.00	0.23	5.85	0.46	0.69	0.46	2.06	0.00	48.39	2.41	2.87	0.00	0.00	0.11	1.26	0.00	0.00	0.00	0.23	0.00	0.11	0.00	0.00	0.00	0.00	0.00	0.00	0.00	0.00	16.73
181-1123C-3H-4,40-42	24.21	530.466	31.58	0.00	0.00	0.46	0.00	0.00	6.41	0.23	0.23	1.37	0.69	0.00	51.72	2.29	4.12	0.00	0.00	0.00	0.92	0.00	0.00	0.00	0.00	0.00	0.00	0.00	0.00	0.00	0.00	0.00	0.00	0.00	0.00	17.38
181-1123C-3H-4,50-52	24.31	531.949	35.67	0.32	0.32	1.27	0.00	0.32	5.41	0.64	0.32	0.32	2.23	0.00	47.45	1.91	3.50	0.00	0.00	0.00	0.00	0.00	0.00	0.00	0.32	0.00	0.00	0.00	0.00	0.00	0.00	0.00	0.00	0.00	0.00	16.55
181-1123C-3H-4,60-62	24.41	533.492	37.72	0.00	0.43	0.65	0.00	0.22	6.03	0.00	0.22	0.65	3.02	0.00	46.34	2.16	2.59	0.00	0.00	0.00	0.00	0.00	0.00	0.00	0.00	0.00	0.00	0.00	0.00	0.00	0.00	0.00	0.00	0.00	0.00	16.77
181-1123C-3H-4,70-72	24.51	534.975	31.76	0.00	0.00	0.18	0.00	0.00	5.26	0.54	0.00	0.18	2.72	0.00	52.45	2.54	3.63	0.00	0.73	0.00	0.00	0.00	0.00	0.00	0.00	0.00	0.00	0.00	0.00	0.00	0.00	0.00	0.00	0.00	0.00	16.61
181-1123C-3H-4,80-82	24.61	536.517	29.40	0.24	0.48	0.72	0.00	0.72	6.02	0.24	0.24	0.00	2.41	0.00	53.73	2.65	3.13	0.00	0.00	0.00	0.00	0.00	0.00	0.00	0.00	0.00	0.00	0.00	0.00	0.00	0.00	0.00	0.00	0.00	0.00	16.40
181-1123C-3H-4,90-92	24.71	538.000	30.35	0.31	0.15	1.08	0.00	0.15	7.70	0.31	0.92	0.15	2.77	0.00	50.69	3.24	1.85	0.00	0.31	0.00	0.00	0.00	0.00	0.00	0.00	0.00	0.00	0.00	0.00	0.00	0.00	0.00	0.00	0.00	0.00	15.98
181-1123C-3H-4,100-102	24.81	541.797	22.25	0.82	0.55	1.37	0.00	0.27	3.57	0.00	0.55	0.27	1.37	0.00	62.64	3.57	2.47	0.00	0.27	0.00	0.00	0.00	0.00	0.00	0.00	0.00	0.00	0.00	0.00	0.00	0.00	0.00	0.00	0.00	0.00	16.62
181-1124C-3H-4,110-112	24.91	545.448	24.09	0.35	1.73	0.52	0.00	0.00	5.55	0.87	0.52	0.17	1.56	0.00	57.37	2.77	3.99	0.00	0.00	0.00	0.17	0.00	0.00	0.00	0.35	0.00	0.00	0.00	0.00	0.00	0.00	0.00	0.00	0.00	0.00	16.50
181-1123C-3H-4,118-120	24.99	548.368	16.90	0.23	0.47	1.41	0.23	0.00	5.16	0.23	0.23	0.00	1.41	0.00	65.02	2.82	5.63	0.00	0.23	0.00	0.00	0.00	0.00	0.00	0.00	0.00	0.00	0.00	0.00	0.00	0.00	0.00	0.00	0.00	0.00	16.57
181-1123C-3H-4,128-130	25.09	552.165	21.36	0.37	0.74	2.95	0.00	0.00	7.37	0.37	0.00	0.55	0.55	0.00	58.38	2.95	3.50	0.00	0.74	0.00	0.18	0.00	0.00	0.00	0.00	0.00	0.00	0.00	0.00	0.00	0.00	0.00	0.00	0.00	0.00	16.93
181-1123C-3H-4,134-136	25.15	554.356	26.79	0.42	1.05	2.74	0.00	0.21	5.06	0.00	0.21	0.00	1.48	0.00	56.33	0.42	4.01	0.00	1.27	0.00	0.00	0.00	0.00	0.00	0.00	0.00	0.00	0.00	0.00	0.00	0.00	0.00	0.00	0.00	0.00	17.27
181-1123C-3H-5,8-9	25.38	562.971	27.66	0.91	0.68	0.91	0.00	0.00	2.27	0.00	0.00	0.00	0.23	0.00	64.17	1.36	1.81	0.00	0.00	0.00	0.00	0.00	0.00	0.00	0.00	0.00	0.00	0.00	0.00	0.00	0.00	0.00	0.00	0.00	0.00	16.99
181-1123C-3H-5,21-23	25.52	568.083	24.25	0.00	0.00	5.72	0.00	0.00	5.99	0.00	0.00	0.27	0.27	0.00	54.77	1.91	2.72	0.00	2.45	0.00	0.82	0.00	0.00	0.00	0.00	0.00	0.82	0.00	0.00	0.00	0.00	0.00	0.00	0.00	0.00	17.70
181-1123C-3H-5,30-32	25.61	571.441	23.57	0.20	0.20	6.97	0.00	0.00	9.84	0.41	0.41	1.02	0.61	0.00	43.85	1.84	2.46	0.00	6.56	0.00	2.05	0.00	0.00	0.00	0.00	0.00	0.00	0.00	0.00	0.00	0.00	0.00	0.00	0.00	0.00	18.75
181-1123C-3H-5,40-42	25.71	575.238	25.06	0.26	0.00	7.49	0.00	0.00	17.83	0.26	0.78	1.81	2.58	0.00	34.37	1.29	1.55	0.00	2.58	0.00	3.62	0.00	0.00	0.00	0.00	0.00	0.52	0.00	0.00	0.00	0.00	0.00	0.00	0.00	0.00	18.07
181-1123C-3H-5,51-53	25.82	579.327	23.35	0.00	0.22	7.49	0.00	0.00	12.78	0.88	0.00	2.20	3.74	0.00	39.87	2.42	2.42	0.00	2.42	0.00	1.32	0.00	0.00	0.00	0.66	0.22	0.00	0.00	0.00	0.00	0.00	0.00	0.00	0.00	0.00	17.94
181-1123C-3H-5,61-63	25.92	584.000	20.30	0.00	0.00	3.81	0.00	0.21	12.26	0.00	0.00	0.21	0.63	0.00	57.72	1.06	3.17	0.00	0.21	0.00	0.42	0.00	0.00	0.00	0.00	0.00	0.00	0.00	0.00	0.00	0.00	0.00	0.00	0.00	0.00	16.64
181-1123C-3H-5,71-73	26.02	586.466	20.59	0.00	0.14	2.94	0.00	0.00	6.58	0.56	0.14	0.14	0.00	0.00	64.43	2.10	2.10	0.00	0.00	0.00	0.14	0.00	0.00	0.00	0.14	0.00	0.00	0.00	0.00	0.00	0.00	0.00	0.00	0.00	0.00	16.84
181-1123C-3H-5,81-83	26.12	588.856	12.74	0.00	0.00	2.55	0.00	0.64	8.70	0.21	0.42	0.85	2.12	0.00	67.09	1.49	1.70	0.00	0.85	0.00	0.64	0.00	0.00	0.00	0.00	0.00	0.00	0.00	0.00	0.00	0.00	0.00	0.00	0.00	0.00	17.21
181-1123C-3H-5,91-93	26.22	591.247	15.73	1.08	0.22	2.59	0.00	0.00	6.68	0.22	0.22	0.43	2.37	0.00	60.56	2.59	2.80	0.00	1.29	0.00	3.02	0.00	0.00	0.00	0.00	0.00	0.22	0.00	0.00	0.00	0.00	0.00	0.00	0.00	0.00	17.24
181-1123C-3H-5,101-103	26.32	593.638	12.77	1.56	0.31	4.36	0.00	0.62	8.10	0.31	0.93	1.25	1.87	0.00	59.19	1.25	1.25	0.00	3.43	0.00	2.49	0.00	0.00	0.00	0.00	0.00	0.31	0.00	0.00	0.00	0.00	0.00	0.00	0.00	0.00	18.22
181-1123C-3H-5,111-113	26.42	596.029	20.65	0.29	0.29	2.36	0.00	0.00	3.24	0.59	0.29	0.29	1.18	0.00	60.77	2.36	2.95	0.00	2.65	0.00	1.77	0.00	0.00	0.00	0.29	0.00	0.00	0.00	0.00	0.00	0.00	0.00	0.00	0.00	0.00	17.75
181-1123C-3H-5,121-123	26.52	598.494	21.38	0.99	0.33	2.96	0.00	0.00	12.83	0.33	0.66	0.33	2.63	0.00	48.03	1.97	1.64	0.00	2.63	0.00	2.96	0.00	0.00	0.00	0.00	0.00	0.33	0.00	0.00	0.00	0.00	0.00	0.00	0.00	0.00	17.37
181-1123C-3H-5,131-133	26.62	600.885	21.86	0.31	0.16	2.52	0.00	0.63	12.26	0.94	0.31	0.31	1.26	0.00	53.30	1.26	2.83	0.00	1.26	0.00	0.63	0.00	0.00	0.00	0.00	0.00	0.16	0.00	0.00	0.00	0.00	0.00	0.00	0.00	0.00	16.91
181-1123C-3H-5,141-143	26.72	603.276	18.05	0.00	0.00	1.27	0.00	0.00	9.34	1.06	0.00	0.42	0.64	0.00	63.91	1.49	1.70	0.00	0.85	0.00	1.27	0.00	0.00	0.00	0.00	0.00	0.00	0.00	0.00	0.00	0.00	0.00	0.00	0.00	0.00	17.18
181-1123C-3H-5,148-150	26.79	604.994	17.93	0.00	0.00	2.72	0.00	0.18	14.13	0.36	0.00	0.00	0.54	0.00	57.79	1.63	2.54	0.00	0.36	0.18	1.63	0.00	0.00	0.00	0.00	0.00	0.00	0.00	0.00	0.00	0.00	0.00	0.00	0.00	0.00	16.47
181-1123C-3H-6,9-11	26.90	607.609	24.80	0.53	0.00	2.67	0.00	0.53	13.87	0.80	0.53	1.33	2.67	0.00	42.67	3.73	0.80	0.00	2.40	0.00	2.40	0.00	0.00	0.00	0.27	0.00	0.00	0.00	0.00	0.00	0.00	0.00	0.00	0.00	0.00	17.36
181-1123C-3H-6,19-21	27.00	610.000	33.33	0.00	0.00	2.25	0.00	0.17	11.92	2.07	0.17	0.86	3.45	0.00	37.65	1.90	1.04	0.00	1.90	0.00	3.28	0.00	0.00	0.00	0.00	0.00	0.00	0.00	0.00	0.00	0.00	0.00	0.00	0.00	0.00	17.41
181-1123C-3H-6,29-31	27.10	617.333	30.84	0.00	0.00	2.88	0.00	0.29	14.70	0.00	1.44	0.86	2.31	0.00	34.87	5.48	0.29	0.00	1.73	0.00	4.03	0.00	0.00	0.00	0.00	0.00	0.29	0.00	0.00	0.00	0.00	0.00	0.00	0.00	0.00	16.56
181-1124B-4H-3,107-108	27.19	623.333	22.58	0.00	4.58	0.17	0.00	0.00	13.75	0.68	1.53	0.17	3.23	0.00	35.31	12.39	1.70	0.00	0.85	0.00	3.06	0.00	0.00	0.00	0.00	0.00	0.00	0.00	0.00	0.00	0.00	0.00	0.00	0.00	0.00	13.65
181-1123B-4H-3,117-118	27.29	630.000	21.52	0.00	0.99	0.00	2.32	0.33	18.87	0.00	1.66	0.00	1.66	0.00	33.11	17.55	1.66	0.00	0.33	0.00	0.00	0.00	0.00	0.00	0.00	0.00	0.00	0.00	0.00	0.00	0.00	0.00	0.00	0.00	0.00	11.14
181-1123B-4H-3,127-128	27.39	632.574	17.17	0.54	4.63	0.54	0.27	0.54	16.08	0.82	1.63	0.00	2.72	0.00	37.33	11.72	4.36	0.00	0.82	0.00	0.82	0.00	0.00	0.00	0.00	0.00	0.00	0.00	0.00	0.00	0.00	0.00	0.00	0.00	0.00	13.11
181-1123B-4H-3,137-139	27.49	635.238	22.25	0.00	1.20	0.00	0.00	0.00	19.38	0.00	0.48	0.24	3.83	0.00	41.63	9.33	1.20	0.00	0.00	0.00	0.24	0.00	0.00	0.00	0.00	0.00	0.24	0.00	0.00	0.00	0.00	0.00	0.00	0.00	0.00	13.81
181-1123B-4H-3,147-148	27.59	637.812	25.49	0.00	0.97	0.24	0.00	0.24	9.22	0.00	0.24	0.00	2.18	0.00	50.49	7.77	2.67	0.00	0.00	0.00	0.49	0.00	0.00	0.00	0.00	0.00	0.00	0.00	0.00	0.00	0.00	0.00	0.00	0.00	0.00	14.74
181-1123B-4H-4,7-9	27.70	640.653	20.12	0.00	0.21	0.00	0.00	0.00	11.09	0.21	0.82	0.21	2.05	0.00	53.59	8.83	2.05	0.00	0.00	0.00	0.82	0.00	0.00	0.00	0.00	0.00	0.00	0.00	0.00	0.00	0.00	0.00	0.00	0.00	0.00	14.81
181-1123B-4H-4,17-19	27.80	643.316	16.17	0.00	0.59	0.59	0.00	0.45	9.79	0.59	2.23	0.00	3.41	0.00	53.12	9.20	3.12	0.00	0.15	0.00	0.59	0.00	0.00	0.00	0.00	0.00	0.00	0.00	0.00	0.00	0.00	0.00	0.00	0.00	0.00	14.43
181-1123B-4H-4,27-29	27.90	645.890	20.86	0.00	0.29	0.86	0.00	0.00	16.00	0.29	1.43	0.00	1.71	0.00	51.71	5.14	1.14	0.00	0.00	0.00	0.29	0.00	0.00	0.00	0.29	0.00	0.00	0.00	0.00	0.00	0.00	0.00	0.00	0.00	0.00	14.95
181-1123B-4H-4,37-39	28.00	648.554	24.05	0.00	1.52	0.38	0.00	0.00	15.53	0.00	1.52	0.57	1.70	0.00	46.02	5.30	1.89	0.00	0.00	0.00	1.52	0.00	0.00	0.00	0.00	0.00	0.00	0.00	0.00	0.00	0.00	0.00	0.00	0.00	0.00	15.42
181-1123B-4H-4,46-48	28.09	650.862	27.91	0.00	0.47	1.63	0.00	0.47	18.84	0.23	0.93	0.93	3.02	0.00	33.95	9.53	0.47	0.00	0.23	0.00	1.16	0.00	0.00	0.00	0.00	0.00	0.23	0.00	0.00	0.00	0.00	0.00	0.00	0.00	0.00	14.05
181-1123B-4H-4,57-59	28.20	653.791	23.81	0.00	1.64	1.64	0.00	0.16	21.51	0.49	1.64	0.49	2.96	0.00	32.84	10.18	2.46	0.00	0.00	0.00	0.16	0.00	0.00	0.00	0.00	0.00	0.00	0.00	0.00	0.00	0.00	0.00	0.00	0.00	0.00	12.90
181-1123B-4H-4,67-69	28.30	656.366	14.36	0.00	5.52	0.83	0.00	0.28	12.43	0.00	1.38	0.83	2.21	0.00	49.45	9.12	2.76	0.00	0.28	0.00	0.28	0.00	0.00	0.00	0.28	0.00	0.00	0.00	0.00	0.00	0.00	0.00	0.00	0.00	0.00	15.14
181-1123B-4H-4,77-79	28.40	659.029	28.90	0.00	15.26	0.32	0.00	0.32	8.44	0.00	0.97	0.00	3.25	0.00	37.34	4.22	0.32	0.00	0.32	0.00	0.32	0.00	0.00	0.00	0.00	0.00	0.00	0.00	0.00	0.00	0.00	0.00	0.00	0.00	0.00	14.88
181-1123B-4H-4,87-89	28.50	661.603	43.19	0.00	12.08	0.26	0.00	0.00	8.23	0.00	0.00	0.00	0.51	0.00	28.79	5.14	0.51	0.00	0.51	0.00	0.51	0.00	0.00	0.00	0.26	0.00	0.00	0.00	0.00	0.00	0.00	0.00	0.00	0.00	0.00	14.97
181-1123B-4H-4,97-99	28.60	664.266	32.93	0.00	3.05	0.00	0.00	0.00	8.84	0.61	4.27	0.30	2.44	0.00	36.28	10.06	1.22	0.00	0.00	0.00	0.00	0.00	0.00	0.00	0.00	0.00	0.00	0.00	0.00	0.00	0.00	0.00	0.00	0.00	0.00	13.32
181-1123B-4H-4,107-109	28.70	666.841	37.46	0.00	2.59	1.73	0.00	0.00	15.27	0.58	1.44	0.00	2.02	0.00	32.28	5.76	0.58	0.00	0.29	0.00	0.00	0.00	0.00	0.00	0.00	0.00	0.00	0.00	0.00	0.00	0.00	0.00	0.00	0.00	0.00	13.74
181-1123B-4H-4,117-119	28.80	669.415	31.47	0.29	2.35	0.59	0.00	0.00	12.06	0.88	1.47	0.00	2.06	0.00	38.24	8.24	2.06	0.00	0.29	0.00	0.00	0.00	0.00	0.00	0.00	0.00	0.00	0.00	0.00	0.00	0.00	0.00	0.00	0.00	0.00	13.89
181-1123B-4H-4,127-129	28.90	672.078	32.49	0.00	0.00	1.51	0.00	0.25	7.05	0.00	0.25	0.76	1.76	0.00	46.35	5.54	3.53	0.00	0.00	0.00	0.50	0.00	0.00	0.00	0.00	0.00	0.00	0.00	0.00	0.00	0.00	0.00	0.00	0.00	0.00	16.05
181-1123B-4H-4,137-139	29.00	674.653	30.99	0.00	0.80	1.81	0.00	0.00	16.50	0.80	0.60	0.00	0.80	0.00	41.45	2.41	2.01	0.00	0.60	0.00	1.01	0.00	0.00	0.00	0.20	0.00	0.00	0.00	0.00	0.00	0.00	0.00	0.00	0.00	0.00	15.76
181-1123B-4H-4,146-148	29.09	677.050	29.37	0.19	0.00	1.12	0.00	0.37	15.61	0.19	0.19	0.00	2.42	0.00	45.17	3.72	1.30	0.00	0.00	0.00	0.00	0.00	0.00	0.00	0.00	0.00	0.37	0.00	0.00	0.00	0.00	0.00	0.00	0.00	0.00	14.97
181-1123B-4H-5,7-9	29.20	679.890	34.65	0.00	0.33	0.00	0.00	0.66	16.50	0.66	0.66	0.00	1.98	0.00	33.99	4.29	3.96	0.00	0.00	0.00	1.98	0.00	0.00	0.00	0.00	0.00	0.33	0.00	0.00	0.00	0.00	0.00	0.00	0.00	0.00	14.80
181-1123B-4H-5,17-19	29.30	682.731	24.80	0.80	0.27	0.27	0.00	1.60	12.27	0.00	1.87	0.53	4.27	0.00	47.47	4.27	1.33	0.00	0.00	0.00	0.27	0.00	0.00	0.00	0.00	0.00	0.00	0.00	0.00	0.00	0.00	0.00	0.00	0.00	0.00	15.35
181-1123B-4H-5,27-29	29.40	685.838	38.12	0.00	0.88	2.05	0.00	0.59	8.80	0.00	0.29	0.00	0.59	0.00	43.99	2.64	1.17	0.00	0.29	0.00	0.59	0.00	0.00	0.00	0.00	0.00	0.00	0.00	0.00	0.00	0.00	0.00	0.00	0.00	0.00	16.09
181-1123B-4H-5,37-39	29.50	688.856	33.78	0.00	0.00	3.75	0.00	0.00	3.75	0.00	0.54	0.27	0.27	0.00	53.35	2.14	0.54	0.00	1.61	0.00	0.00	0.00	0.00	0.00	0.00	0.00	0.00	0.00	0.00	0.00	0.00	0.00	0.00	0.00	0.00	17.36
181-1123B-4H-5,47-49	29.60	691.963	23.44	0.00	0.89	1.48	0.00	0.30	6.53	0.30	0.00	0.00	0.30	0.00	61.13	2.08	1.48	0.00	1.48	0.00	0.30	0.00	0.00	0.00	0.30	0.00	0.00	0.00	0.00	0.00	0.00	0.00	0.00	0.00	0.00	17.14
181-1123B-4H-5,57-59	29.70	694.982	30.89	0.27	0.27	1.08	0.00	0.00	10.57	0.00	0.00	0.81	0.81	0.00	49.05	0.81	2.17	0.00	1.36	0.00	1.90	0.00	0.00	0.00	0.00	0.00	0.00	0.00	0.00	0.00	0.00	0.00	0.00	0.00	0.00	17.67
181-1123B-4H-5,67-69	29.80	698.000	28.74	0.00	1.76	3.52	0.00	0.00	10.56	0.88	0.29	1.17	1.76	0.00	41.64	1.47	3.23	0.00	2.64	0.00	2.35	0.00	0.00	0.00	0.00	0.00	0.00	0.00	0.00	0.00	0.00	0.00	0.00	0.00	0.00	17.95
181-1123B-4H-5,78-80	29.91	702.153	23.06	0.47	4.94	1.18	0.00	0.47	18.82	2.59	1.65	1.65	3.53	0.00	28.94	5.18	0.71	0.00	4.00	0.00	2.82	0.00	0.00	0.00	0.00	0.00	0.00	0.00	0.00	0.00	0.00	0.00	0.00	0.00	0.00	17.24
181-1123B-4H-5,87-89	30.00	705.541	27.01	0.27	6.95	0.00	0.00	0.80	24.87	6.15	0.53	0.27	2.14	0.00	15.78	2.14	1.87	0.00	7.49	0.00	2.94	0.00	0.00	0.00	0.53	0.00	0.27	0.00	0.00	0.00	0.00	0.00	0.00	0.00	0.00	18.04
181-1123B-4H-5,97-99	30.10	709.366	31.15	0.00	4.19	0.52	0.00	0.26	14.92	2.36	1.05	0.26	2.62	0.00	29.32	6.81	0.52	0.00	4.19	0.00	1.83	0.00	0.00	0.00	0.00	0.00	0.00	0.00	0.00	0.00	0.00	0.00	0.00	0.00	0.00	16.62
181-1123B-4H-5,107-109	30.20	712.645	35.14	0.00	5.11	0.30	0.00	0.00	22.52	3.00	0.00	0.30	2.10	0.00	20.12	5.41	2.10	0.00	0.60	0.00	3.30	0.00	0.00	0.00	0.00	0.00	0.00	0.00	0.00	0.00	0.00	0.00	0.00	0.00	0.00	14.24
181-1123B-4H-5,117-119	30.30	715.486	35.71	0.00	3.93	0.71	0.00	0.36	28.21	1.07	0.71	1.79	4.64	0.00	12.86	9.64	0.00	0.00	0.00	0.00	0.36	0.00	0.00	0.00	0.00	0.00	0.00	0.00	0.00	0.00	0.00	0.00	0.00	0.00	0.00	12.44
181-1123B-4H-5,126-128	30.39	718.000	42.35	0.00	3.26	1.63	0.00	0.00	20.20	1.30	0.33	0.33	1.63	0.00	19.22	9.12	0.00	0.00	0.00	0.00	0.33	0.00	0.00	0.00	0.33	0.00	0.00	0.00	0.00	0.00	0.00	0.00	0.00	0.00	0.00	11.91
181-1123C-4H-2,27-29	30.50	721.076	32.44	0.67	3.68	0.00	0.00	0.33	11.37	0.67	2.01	0.67	2.34	0.00	31.10	13.38	0.33	0.00	0.00	0.33	0.67	0.00	0.00	0.00	0.00	0.00	0.00	0.00	0.00	0.00	0.00	0.00	0.00	0.00	0.00	12.83
181-1123C-4H-2,37-39	30.60	723.727	23.24	0.00	2.42	0.48	0.00	1.21	12.83	1.69	4.84	0.24	6.78	0.00	30.99	13.08	0.97	0.00	0.24	0.00	0.24	0.00	0.00	0.00	0.73	0.00	0.00	0.00	0.00	0.00	0.00	0.00	0.00	0.00	0.00	12.17
181-1123C-4H-2,47-49	30.70	726.485	33.76	0.00	0.96	0.64	0.00	0.00	3.82	0.32	0.00	0.00	0.32	0.00	45.22	11.15	1.59	0.00	0.64	0.00	1.59	0.00	0.00	0.00	0.00	0.00	0.00	0.00	0.00	0.00	0.00	0.00	0.00	0.00	0.00	14.84
181-1123C-4H-2,57-59	30.08	729.242	29.89	0.00	1.36	0.54	0.00	0.00	11.41	2.17	0.00	0.54	1.90	0.00	34.51	10.60	4.62	0.00	0.82	0.00	1.09	0.00	0.00	0.00	0.54	0.00	0.00	0.00	0.00	0.00	0.00	0.00	0.00	0.00	0.00	14.56
181-1123C-4H-2,67-69	30.90	732.000	25.29	0.23	1.64	0.94	0.00	0.00	7.49	0.94	0.00	0.94	2.34	0.00	41.45	10.54	3.28	0.00	0.94	0.00	3.98	0.00	0.00	0.00	0.00	0.00	0.00	0.00	0.00	0.00	0.00	0.00	0.00	0.00	0.00	15.83
181-1123C-4H-2,77-79	31.00	734.671	29.08	0.00	2.84	0.47	0.00	0.24	14.89	0.24	0.47	0.24	0.95	0.00	39.95	6.86	2.84	0.00	0.00	0.00	0.95	0.00	0.00	0.00	0.00	0.00	0.00	0.00	0.00	0.00	0.00	0.00	0.00	0.00	0.00	14.64
181-1123C-4H-2,87-89	31.10	737.342	27.53	0.00	2.20	0.66	0.00	0.00	16.74	1.32	0.22	0.22	1.76	0.00	38.77	5.07	3.30	0.00	0.66	0.00	1.54	0.00	0.00	0.00	0.00	0.00	0.00	0.00	0.00	0.00	0.00	0.00	0.00	0.00	0.00	16.47
181-1123C-4H-2,97-99	31.20	740.013	30.71	0.00	3.47	0.55	0.00	0.37	15.17	1.28	0.55	0.55	2.74	0.00	30.53	7.86	2.74	0.00	1.10	0.00	2.19	0.00	0.00	0.00	0.18	0.00	0.00	0.00	0.00	0.00	0.00	0.00	0.00	0.00	0.00	14.94
181-1123C-4H-2,107-109	31.30	742.581	18.78	0.00	4.23	0.53	0.00	0.26	16.93	1.59	0.53	1.32	2.91	0.00	38.36	10.32	0.53	0.00	0.79	0.00	2.12	0.00	0.00	0.00	0.26	0.00	0.53	0.00	0.00	0.00	0.00	0.00	0.00	0.00	0.00	15.22
181-1123C-4H-2,117-119	31.40	745.252	13.70	0.00	6.85	0.00	0.00	0.43	10.49	0.21	0.43	0.00	1.28	0.00	53.32	8.99	3.85	0.00	0.00	0.00	0.43	0.00	0.00	0.00	0.00	0.00	0.00	0.00	0.00	0.00	0.00	0.00	0.00	0.00	0.00	14.72
181-1124C-4H-2,127-129	31.50	747.923	21.82	0.00	11.45	0.00	0.00	0.55	16.00	2.18	0.55	0.18	1.64	0.00	35.27	8.36	1.45	0.00	0.55	0.00	0.00	0.00	0.00	0.00	0.00	0.00	0.00	0.00	0.00	0.00	0.00	0.00	0.00	0.00	0.00	13.88
181-1123C-4H-3,7-9	31.80	755.936	25.93	0.00	2.16	0.00	0.00	1.23	5.86	0.31	1.85	0.62	2.16	0.00	47.53	10.19	1.23	0.00	0.31	0.00	0.62	0.00	0.00	0.00	0.00	0.00	0.00	0.00	0.00	0.00	0.00	0.00	0.00	0.00	0.00	14.91
181-1123C-4H-3,17-19	31.90	758.607	36.18	0.29	4.41	0.59	0.00	0.00	9.12	0.00	1.18	0.00	6.76	0.00	30.59	9.12	1.47	0.00	0.00	0.00	0.29	0.00	0.00	0.00	0.00	0.00	0.00	0.00	0.00	0.00	0.00	0.00	0.00	0.00	0.00	12.64
181-1123C-4H-3,27-29	32.00	761.175	36.11	0.00	3.09	0.62	0.00	0.62	11.42	2.16	0.31	0.31	2.16	0.00	21.91	18.52	0.93	0.00	0.93	0.00	0.93	0.00	0.00	0.00	0.00	0.00	0.00	0.00	0.00	0.00	0.00	0.00	0.00	0.00	0.00	11.06
181-1123C-4H-3,37-39	32.10	763.846	29.30	0.00	1.69	1.41	0.00	0.00	13.80	1.69	0.00	0.00	0.00	0.00	47.61	3.38	0.56	0.00	0.00	0.00	0.56	0.00	0.00	0.00	0.00	0.00	0.00	0.00	0.00	0.00	0.00	0.00	0.00	0.00	0.00	15.60
181-1123C-4H-3,47-49	32.20	766.517	22.07	0.00	1.91	1.91	0.00	0.27	12.26	0.00	0.82	0.54	0.27	0.00	52.32	4.36	1.63	0.00	0.82	0.00	0.82	0.00	0.00	0.00	0.00	0.00	0.00	0.00	0.00	0.00	0.00	0.00	0.00	0.00	0.00	16.38
181-1123C-4H-3,57-59	32.30	769.188	29.04	0.00	0.23	3.04	0.00	0.00	5.62	0.00	0.47	0.00	0.47	0.00	55.04	3.51	1.41	0.00	0.47	0.00	0.70	0.00	0.00	0.00	0.00	0.00	0.00	0.00	0.00	0.00	0.00	0.00	0.00	0.00	0.00	16.47
181-1123C-4H-3,67-69	32.40	771.859	33.22	0.00	1.32	2.63	0.00	0.33	5.26	0.66	0.00	0.00	0.99	0.00	48.36	1.64	2.63	0.00	1.32	0.00	1.64	0.00	0.00	0.00	0.00	0.00	0.00	0.00	0.00	0.00	0.00	0.00	0.00	0.00	0.00	17.26
181-1123C-4H-3,77-79	32.50	774.530	37.12	0.00	1.23	1.53	0.00	0.00	5.21	0.00	0.00	0.31	0.00	0.00	47.55	2.45	1.53	0.00	1.84	0.00	0.92	0.00	0.00	0.00	0.31	0.00	0.00	0.00	0.00	0.00	0.00	0.00	0.00	0.00	0.00	17.53
181-1123C-4H-3,87-89	32.60	777.201	39.04	0.46	3.65	0.91	0.00	0.23	7.76	0.68	0.00	0.46	1.37	0.00	38.13	1.37	2.05	0.00	2.05	0.00	1.60	0.00	0.00	0.00	0.23	0.00	0.00	0.00	0.00	0.00	0.00	0.00	0.00	0.00	0.00	17.70
181-1123C-4H-3,97-99	32.70	779.769	29.08	4.90	2.29	1.31	0.00	0.33	11.11	0.33	0.33	0.33	1.63	0.00	42.81	0.33	0.98	0.00	2.94	0.00	1.31	0.00	0.00	0.00	0.00	0.00	0.00	0.00	0.00	0.00	0.00	0.00	0.00	0.00	0.00	17.77
181-1123C-4H-3,107-109	32.80	782.440	31.66	1.57	2.82	0.00	0.00	0.31	13.17	1.57	0.31	0.63	2.19	0.00	39.81	1.57	0.63	0.00	1.57	0.00	1.57	0.00	0.00	0.00	0.31	0.00	0.31	0.00	0.00	0.00	0.00	0.00	0.00	0.00	0.00	17.41
181-1123C-4H-3,117-119	32.90	785.111	34.02	0.00	7.16	0.26	0.00	0.00	19.44	1.79	0.26	0.00	2.81	0.00	29.16	1.53	0.51	0.00	2.05	0.00	1.02	0.00	0.00	0.00	0.00	0.00	0.00	0.00	0.00	0.00	0.00	0.00	0.00	0.00	0.00	17.69
181-1124C-4H-3,127-129	33.00	787.782	34.37	3.50	4.66	0.00	0.00	0.78	18.64	2.91	0.19	1.55	2.72	0.00	24.08	1.55	0.39	0.00	1.55	0.00	2.33	0.00	0.00	0.00	0.78	0.00	0.00	0.00	0.00	0.00	0.00	0.00	0.00	0.00	0.00	17.93
181-1123C-4H-3,137-139	33.10	790.453	24.82	1.23	8.11	0.00	0.00	1.23	22.11	0.98	1.23	1.23	5.65	0.00	23.59	5.65	0.74	0.00	1.97	0.00	1.23	0.00	0.00	0.00	0.25	0.00	0.00	0.00	0.00	0.00	0.00	0.00	0.00	0.00	0.00	16.22
181-1123C-4H-3,147-149	33.20	793.226	18.71	0.20	10.87	0.00	0.00	0.60	20.93	2.62	0.40	1.41	7.24	0.00	27.16	4.63	0.80	0.00	0.80	0.00	2.82	0.00	0.00	0.00	0.80	0.00	0.00	0.00	0.00	0.00	0.00	0.00	0.00	0.00	0.00	15.68
181-1123C-4H-4,7-9	33.30	796.000	9.09	0.00	18.48	0.00	0.00	1.21	17.58	0.61	0.91	0.00	13.03	0.00	15.45	22.12	0.00	0.00	0.61	0.00	0.91	0.00	0.00	0.00	0.00	0.00	0.00	0.00	0.00	0.00	0.00	0.00	0.00	0.00	0.00	8.99
181-1123C-4H-4,17-19	33.40	797.798	16.71	0.74	15.23	0.00	0.00	0.98	17.44	1.47	3.19	0.49	10.32	0.00	15.97	15.72	0.98	0.00	0.25	0.00	0.25	0.00	0.00	0.00	0.25	0.00	0.00	0.00	0.00	0.00	0.00	0.00	0.00	0.00	0.00	10.41
181-1123C-4H-4,27-29	33.50	799.666	15.59	0.00	10.00	0.00	0.00	0.29	16.18	0.29	0.88	0.00	9.71	0.00	22.94	22.65	0.29	0.00	1.18	0.00	0.00	0.00	0.00	0.00	0.00	0.00	0.00	0.00	0.00	0.00	0.00	0.00	0.00	0.00	0.00	9.73
181-1124C-4H-4,37-39	33.60	801.533	27.43	0.00	9.90	0.00	0.00	0.69	14.24	1.04	1.39	0.35	8.85	0.00	16.84	17.53	0.87	0.00	0.35	0.00	0.35	0.00	0.00	0.00	0.17	0.00	0.00	0.00	0.00	0.00	0.00	0.00	0.00	0.00	0.00	9.91
181-1123C-4H-4,47-49	33.70	803.331	33.89	0.56	6.67	0.00	0.00	0.56	13.61	1.67	1.67	0.56	5.00	0.00	22.22	12.78	0.56	0.00	0.00	0.00	0.28	0.00	0.00	0.00	0.00	0.00	0.00	0.00	0.00	0.00	0.00	0.00	0.00	0.00	0.00	11.60
181-1123C-4H-4,57-59	33.80	805.199	30.43	0.00	3.80	0.27	0.00	0.00	11.14	0.27	0.54	0.00	5.43	0.00	35.05	9.78	2.45	0.00	0.54	0.00	0.27	0.00	0.00	0.00	0.00	0.00	0.00	0.00	0.00	0.00	0.00	0.00	0.00	0.00	0.00	13.22
181-1123C-4H-4,67-69	33.90	807.066	31.52	0.00	3.03	0.00	0.00	0.30	10.91	0.61	0.30	0.00	4.85	0.00	39.09	6.97	1.52	0.00	0.30	0.00	0.61	0.00	0.00	0.00	0.00	0.00	0.00	0.00	0.00	0.00	0.00	0.00	0.00	0.00	0.00	14.25
181-1123C-4H-4,77-79	34.00	808.934	33.39	0.00	1.44	0.18	0.00	0.18	13.18	1.62	0.36	0.00	3.61	0.00	35.38	7.22	2.17	0.00	0.54	0.00	0.54	0.00	0.00	0.00	0.18	0.00	0.00	0.00	0.00	0.00	0.00	0.00	0.00	0.00	0.00	14.11
181-1123C-4H-4,87-89	34.10	810.732	35.90	0.00	4.20	0.47	0.00	0.00	15.15	0.47	0.00	0.23	3.50	0.00	33.57	3.96	0.70	0.00	0.23	0.00	1.40	0.00	0.00	0.00	0.00	0.00	0.23	0.00	0.00	0.00	0.00	0.00	0.00	0.00	0.00	14.95
181-1123C-4H-4,97-99	34.20	812.599	31.08	0.00	2.43	0.00	0.00	0.81	8.92	0.27	0.27	0.00	4.05	0.00	44.86	5.41	1.62	0.00	0.27	0.00	0.00	0.00	0.00	0.00	0.00	0.00	0.00	0.00	0.00	0.00	0.00	0.00	0.00	0.00	0.00	14.88
181-1123C-4H-4,107-109	34.30	814.467	32.40	0.00	3.83	0.26	0.00	0.51	10.46	0.26	0.26	0.00	3.06	0.00	46.94	1.53	0.26	0.00	0.00	0.00	0.26	0.00	0.00	0.00	0.00	0.00	0.00	0.00	0.00	0.00	0.00	0.00	0.00	0.00	0.00	15.82
181-1123C-4H-4,117-119	34.40	816.265	30.39	0.49	1.72	0.98	0.00	0.74	8.82	0.00	0.00	0.00	1.47	0.00	48.28	4.41	1.47	0.00	0.00	0.00	1.23	0.00	0.00	0.00	0.00	0.00	0.00	0.00	0.00	0.00	0.00	0.00	0.00	0.00	0.00	15.72
181-1123C-4H-4,127-129	34.50	818.133	34.72	1.19	2.67	0.30	0.00	0.00	8.61	0.59	0.00	0.59	0.89	0.00	47.18	1.19	0.89	0.00	0.30	0.00	0.89	0.00	0.00	0.00	0.00	0.00	0.00	0.00	0.00	0.00	0.00	0.00	0.00	0.00	0.00	17.06
181-1123C-4H-4,137-139	34.60	820.000	27.51	0.87	3.49	0.22	0.00	0.00	11.35	1.09	0.00	4.59	1.75	0.00	40.17	3.93	1.75	0.00	1.09	0.00	1.97	0.00	0.00	0.00	0.22	0.00	0.00	0.00	0.00	0.00	0.00	0.00	0.00	0.00	0.00	18.30
181-1123C-4H-4,147-149	34.70	823.115	25.17	0.23	3.73	0.47	0.00	0.47	15.85	0.23	0.23	0.00	2.10	0.00	44.29	3.26	0.23	0.00	1.63	0.00	1.86	0.00	0.00	0.00	0.23	0.00	0.00	0.00	0.00	0.00	0.00	0.00	0.00	0.00	0.00	16.16
181-1123C-4H-5,7-9	34.80	826.350	26.26	0.00	2.19	0.22	0.00	0.22	5.91	0.22	0.00	0.00	0.22	0.00	58.42	2.84	2.19	0.00	0.66	0.00	0.66	0.00	0.00	0.00	0.00	0.00	0.00	0.00	0.00	0.00	0.00	0.00	0.00	0.00	0.00	16.75
181-1123C-4H-5,17-19	34.90	829.585	25.40	0.63	0.63	0.63	0.00	0.32	6.98	0.32	0.00	0.00	0.32	0.00	59.68	2.86	1.27	0.00	0.63	0.00	0.32	0.00	0.00	0.00	0.00	0.00	0.00	0.00	0.00	0.00	0.00	0.00	0.00	0.00	0.00	16.62
181-1123C-4H-5,27-29	35.00	832.700	21.14	0.00	2.14	0.24	0.00	0.00	9.74	0.00	0.48	0.24	0.71	0.00	58.91	2.38	2.38	0.00	0.48	0.00	0.71	0.00	0.00	0.00	0.48	0.00	0.00	0.00	0.00	0.00	0.00	0.00	0.00	0.00	0.00	16.72
181-1123C-4H-5,37-39	35.10	835.935	16.93	1.56	2.08	0.26	0.00	0.00	7.55	0.26	0.52	0.00	0.26	0.00	67.45	1.30	1.04	0.00	0.00	0.00	0.78	0.00	0.00	0.00	0.00	0.00	0.00	0.00	0.00	0.00	0.00	0.00	0.00	0.00	0.00	16.79
181-1123C-4H-5,47-49	35.20	839.171	22.80	1.46	3.14	0.84	0.00	0.00	11.92	0.42	0.00	0.21	1.46	0.00	51.46	2.09	2.93	0.00	0.21	0.00	0.42	0.00	0.00	0.00	0.00	0.00	0.63	0.00	0.00	0.00	0.00	0.00	0.00	0.00	0.00	16.27
181-1123C-4H-5,57-59	35.30	842.406	28.19	0.44	1.76	0.22	0.00	0.22	9.25	0.00	0.22	0.22	1.10	0.00	55.07	1.76	1.10	0.00	0.44	0.00	0.00	0.00	0.00	0.00	0.00	0.00	0.00	0.00	0.00	0.00	0.00	0.00	0.00	0.00	0.00	16.76
181-1123C-4H-5,67-69	35.40	845.521	29.35	1.21	4.05	0.40	0.00	0.00	15.18	0.20	0.00	0.81	1.82	0.00	41.09	2.02	1.42	0.00	0.61	0.00	1.01	0.00	0.00	0.00	0.61	0.00	0.20	0.00	0.00	0.00	0.00	0.00	0.00	0.00	0.00	16.99
181-1123C-4H-5,77-79	35.50	848.756	25.85	0.00	0.85	0.21	0.00	0.00	6.78	0.21	0.21	0.64	1.06	0.00	59.75	1.91	0.42	0.00	0.85	0.00	0.85	0.00	0.00	0.00	0.00	0.00	0.42	0.00	0.00	0.00	0.00	0.00	0.00	0.00	0.00	17.29
181-1123C-4H-5,80-82	35.52	849.355	17.91	0.00	0.64	0.21	0.00	0.00	3.41	0.00	0.00	0.21	0.21	0.00	73.56	1.92	1.28	0.00	0.64	0.00	0.00	0.00	0.00	0.00	0.00	0.00	0.00	0.00	0.00	0.00	0.00	0.00	0.00	0.00	0.00	17.18
181-1123C-4H-5,85-87	35.57	851.032	21.00	0.00	2.00	1.00	0.00	0.50	6.50	1.00	0.50	0.00	0.50	0.00	64.50	0.50	1.00	0.00	0.00	0.00	0.50	0.00	0.00	0.00	0.00	0.50	0.00	0.00	0.00	0.00	0.00	0.00	0.00	0.00	0.00	16.82
181-1123C-4H-5,87-89	35.60	851.991	13.72	0.53	1.85	0.00	0.00	0.00	6.33	0.26	0.00	0.26	0.53	0.00	69.66	4.49	0.53	0.00	0.53	0.00	1.06	0.00	0.00	0.00	0.26	0.00	0.00	0.00	0.00	0.00	0.00	0.00	0.00	0.00	0.00	16.71
181-1123C-4H-5,90-92	35.62	852.590	15.74	0.00	2.04	0.58	0.00	0.00	7.29	0.00	0.00	0.29	1.17	0.00	67.06	2.92	0.58	0.00	2.04	0.00	0.00	0.00	0.00	0.00	0.00	0.00	0.29	0.00	0.00	0.00	0.00	0.00	0.00	0.00	0.00	17.16
181-1123C-4H-5,95-97	35.67	854.147	21.67	0.00	3.41	0.00	0.00	0.31	4.02	0.31	0.00	0.62	1.55	0.00	61.92	2.79	0.93	0.00	1.55	0.00	0.93	0.00	0.00	0.00	0.00	0.00	0.00	0.00	0.00	0.00	0.00	0.00	0.00	0.00	0.00	17.38
181-1123C-4H-5,97-99	35.70	855.106	21.69	0.00	4.22	0.60	0.00	0.30	8.43	0.30	0.00	0.30	0.00	0.00	54.52	3.01	0.60	0.00	2.71	0.00	2.71	0.00	0.00	0.00	0.00	0.00	0.60	0.00	0.00	0.00	0.00	0.00	0.00	0.00	0.00	18.09
181-1123C-4H-5,100-102	35.72	855.825	27.02	0.00	1.39	0.28	0.00	1.39	5.57	0.28	0.00	0.28	1.95	0.00	55.15	0.84	0.00	0.00	4.74	0.00	1.11	0.00	0.00	0.00	0.00	0.00	0.00	0.00	0.00	0.00	0.00	0.00	0.00	0.00	0.00	18.23
181-1123C-4H-5,105-107	35.77	857.382	28.77	0.00	3.51	0.70	0.00	0.70	10.53	0.35	0.00	0.00	0.70	0.00	46.32	1.05	1.40	0.00	3.51	0.00	2.46	0.00	0.00	0.00	0.00	0.00	0.00	0.00	0.00	0.00	0.00	0.00	0.00	0.00	0.00	17.88
181-1123C-4H-5,107-109	35.80	858.341	33.15	0.28	11.33	1.38	0.00	1.38	12.71	0.28	0.28	0.55	1.38	0.00	26.52	1.93	0.00	0.00	7.18	0.00	0.83	0.83	0.00	0.00	0.00	0.00	0.00	0.00	0.00	0.00	0.00	0.00	0.00	0.00	0.00	18.76
181-1123C-4H-5,110-112	35.82	858.940	26.30	0.00	4.99	0.68	0.00	0.91	17.69	0.68	0.00	0.68	2.04	0.00	34.69	0.91	0.45	0.00	7.48	0.00	2.04	0.23	0.00	0.00	0.00	0.00	0.23	0.00	0.00	0.00	0.00	0.00	0.00	0.00	0.00	18.69
181-1123C-4H-5,115-117	35.87	860.618	24.79	0.28	4.27	0.00	0.00	1.14	9.12	1.71	0.00	0.28	1.99	0.00	43.87	1.14	0.00	0.00	9.97	0.00	0.85	0.28	0.00	0.00	0.00	0.28	0.00	0.00	0.00	0.00	0.00	0.00	0.00	0.00	0.00	19.00
181-1123C-4H-5,120-122	35.92	862.175	11.66	0.00	6.74	0.00	0.00	0.52	13.73	0.00	0.00	0.52	3.89	0.00	54.92	5.44	0.00	0.00	1.04	0.00	1.55	0.00	0.00	0.00	0.00	0.00	0.00	0.00	0.00	0.00	0.00	0.00	0.00	0.00	0.00	16.01
181-1123C-4H-5,125-127	35.97	863.853	10.75	0.00	7.96	0.00	0.00	0.65	18.49	0.22	0.65	0.22	3.23	0.00	51.18	5.38	0.22	0.00	0.65	0.00	0.22	0.00	0.00	0.00	0.22	0.00	0.00	0.00	0.00	0.00	0.00	0.00	0.00	0.00	0.00	15.09
181-1123C-4H-5,130-132	36.02	865.410	8.77	0.32	9.42	0.00	0.00	0.97	33.44	0.00	0.32	0.00	5.19	0.00	35.06	6.17	0.00	0.00	0.00	0.00	0.32	0.00	0.00	0.00	0.00	0.00	0.00	0.00	0.00	0.00	0.00	0.00	0.00	0.00	0.00	12.68
181-1123C-4H-5,135-137	36.07	867.088	8.54	0.32	7.91	0.00	0.00	0.32	44.30	0.00	0.95	0.00	3.16	0.00	21.20	10.76	0.63	0.00	1.27	0.00	0.63	0.00	0.00	0.00	0.00	0.00	0.00	0.00	0.00	0.00	0.00	0.00	0.00	0.00	0.00	11.50
181-1123C-4H-5,140-142	36.12	868.765	8.84	0.28	4.97	0.00	0.00	0.55	48.34	0.28	1.38	0.00	3.04	0.00	22.10	7.46	0.00	0.00	1.66	0.00	0.00	0.00	0.00	0.00	1.10	0.00	0.00	0.00	0.00	0.00	0.00	0.00	0.00	0.00	0.00	12.24
181-1123C-4H-5,145-147	36.17	870.323	13.98	0.00	10.64	0.00	0.00	0.30	42.55	0.30	0.61	0.00	2.43	0.00	16.11	12.46	0.00	0.00	0.30	0.00	0.00	0.00	0.00	0.00	0.30	0.00	0.00	0.00	0.00	0.00	0.00	0.00	0.00	0.00	0.00	10.36
181-1123C-4H-6,0-2	36.22	872.000	18.70	0.00	5.96	0.00	0.00	0.81	41.19	0.00	0.81	0.00	4.34	0.00	14.91	12.20	0.27	0.00	0.81	0.00	0.00	0.00	0.00	0.00	0.00	0.00	0.00	0.00	0.00	0.00	0.00	0.00	0.00	0.00	0.00	10.36
181-1123C-4H-6,5-7	36.27	881.148	19.15	0.50	8.96	0.00	0.00	0.75	31.84	1.00	1.99	0.00	5.72	0.00	17.16	11.19	0.50	0.00	1.24	0.00	0.00	0.00	0.00	0.00	0.00	0.00	0.00	0.00	0.00	0.00	0.00	0.00	0.00	0.00	0.00	11.04
181-1123C-4H-6,10-12	36.32	891.000	23.26	0.00	6.64	0.00	0.00	0.00	29.90	0.33	1.00	0.00	3.32	0.00	28.57	5.32	1.00	0.00	0.33	0.00	0.33	0.00	0.00	0.00	0.00	0.00	0.00	0.00	0.00	0.00	0.00	0.00	0.00	0.00	0.00	12.84
181-1123C-4H-6,15-17	36.37	900.852	22.78	0.00	4.43	0.00	0.00	0.32	34.18	0.00	0.95	0.00	2.53	0.00	25.00	8.23	0.63	0.00	0.95	0.00	0.00	0.00	0.00	0.00	0.00	0.00	0.00	0.00	0.00	0.00	0.00	0.00	0.00	0.00	0.00	12.13
181-1123C-4H-6,20-22	36.42	910.000	20.32	0.00	5.81	0.00	0.00	0.32	16.45	0.32	0.32	0.32	2.58	0.00	48.71	2.58	0.65	0.00	0.65	0.00	0.65	0.00	0.00	0.00	0.00	0.00	0.32	0.00	0.00	0.00	0.00	0.00	0.00	0.00	0.00	15.96
181-1123C-4H-6,25-27	36.47	911.541	21.70	0.45	2.24	0.00	0.00	0.22	21.70	0.67	0.67	0.22	2.68	0.00	42.51	4.70	0.67	0.00	0.45	0.00	0.67	0.00	0.00	0.00	0.22	0.00	0.22	0.00	0.00	0.00	0.00	0.00	0.00	0.00	0.00	14.79
181-1123C-4H-6,30-32	36.52	912.972	21.93	0.00	5.32	0.00	0.00	1.00	21.93	0.33	1.33	0.33	2.99	0.00	41.53	2.66	0.00	0.00	0.33	0.00	0.33	0.00	0.00	0.00	0.00	0.00	0.00	0.00	0.00	0.00	0.00	0.00	0.00	0.00	0.00	14.93
181-1123C-4H-6,35-37	36.57	914.514	19.34	0.20	7.42	0.00	0.00	0.20	21.68	0.59	0.39	0.59	2.73	0.00	40.04	4.10	0.59	0.00	0.98	0.00	0.98	0.00	0.00	0.00	0.00	0.00	0.20	0.00	0.00	0.00	0.00	0.00	0.00	0.00	0.00	15.41
181-1123C-4H-6,40-42	36.62	915.945	22.66	0.00	6.83	0.00	0.00	0.54	19.06	1.08	0.72	0.54	2.52	0.00	39.21	2.88	2.34	0.00	0.90	0.00	0.54	0.00	0.00	0.00	0.00	0.00	0.18	0.00	0.00	0.00	0.00	0.00	0.00	0.00	0.00	15.75
181-1123C-4H-6,45-47	36.67	917.486	22.96	0.00	7.94	0.00	0.00	0.43	24.68	0.00	1.29	0.64	3.86	0.00	29.61	6.87	0.86	0.00	0.00	0.00	0.43	0.00	0.00	0.00	0.43	0.00	0.00	0.00	0.00	0.00	0.00	0.00	0.00	0.00	0.00	13.69
181-1123C-4H-6,50-52	36.72	919.028	28.52	0.00	7.30	0.00	0.00	0.17	22.43	0.00	2.09	0.70	2.43	0.00	27.13	6.61	1.04	0.00	0.52	0.00	1.04	0.00	0.00	0.00	0.00	0.00	0.00	0.00	0.00	0.00	0.00	0.00	0.00	0.00	0.00	13.89
181-1123C-4H-6,55-57	36.77	920.459	23.50	0.15	8.29	0.00	0.00	0.46	23.81	0.15	1.69	0.92	5.68	0.00	27.34	4.76	1.84	0.00	0.15	0.00	0.92	0.00	0.00	0.00	0.31	0.00	0.00	0.00	0.00	0.00	0.00	0.00	0.00	0.00	0.00	14.06
181-1123C-4H-6,60-62	36.82	922.000	36.31	0.00	5.16	0.00	0.00	0.99	25.99	0.79	2.18	0.40	2.98	0.00	13.89	10.12	0.60	0.00	0.00	0.00	0.00	0.00	0.00	0.00	0.60	0.00	0.00	0.00	0.00	0.00	0.00	0.00	0.00	0.00	0.00	10.76
181-1123C-4H-6,65-67	36.87	923.912	32.66	0.29	7.45	0.00	0.00	0.57	30.09	0.29	0.57	0.57	2.58	0.00	17.77	6.02	0.86	0.00	0.29	0.00	0.00	0.00	0.00	0.00	0.00	0.00	0.00	0.00	0.00	0.00	0.00	0.00	0.00	0.00	0.00	12.36
181-1123C-4H-6,70-72	36.92	925.971	29.35	0.00	7.17	0.00	0.00	0.34	34.81	0.68	1.37	0.00	4.78	0.00	15.70	4.78	0.34	0.00	0.00	0.00	0.68	0.00	0.00	0.00	0.00	0.00	0.00	0.00	0.00	0.00	0.00	0.00	0.00	0.00	0.00	11.45
181-1123C-4H-6,75-77	36.97	928.029	25.83	0.00	5.96	0.00	0.00	0.00	33.44	0.33	0.99	0.00	4.30	0.00	17.55	10.26	0.99	0.00	0.00	0.00	0.33	0.00	0.00	0.00	0.00	0.00	0.00	0.00	0.00	0.00	0.00	0.00	0.00	0.00	0.00	10.67
181-1123C-4H-6,80-82	37.02	929.941	23.05	0.86	6.05	0.00	0.00	0.86	28.53	1.73	1.15	0.00	6.34	0.00	21.33	7.49	0.86	0.00	0.58	0.00	0.58	0.00	0.00	0.00	0.58	0.00	0.00	0.00	0.00	0.00	0.00	0.00	0.00	0.00	0.00	12.14
181-1123C-4H-6,85-87	37.07	932.000	30.59	0.00	5.88	0.00	0.00	0.47	29.41	0.00	0.47	0.47	3.53	0.00	18.35	8.94	0.71	0.00	0.71	0.00	0.47	0.00	0.00	0.00	0.00	0.00	0.00	0.00	0.00	0.00	0.00	0.00	0.00	0.00	0.00	12.02
181-1123C-4H-6,90-92	37.12	933.912	28.77	0.40	4.83	0.00	0.00	0.80	32.60	0.40	0.80	1.21	6.44	0.00	16.10	6.24	0.20	0.00	0.80	0.00	0.20	0.00	0.00	0.00	0.00	0.00	0.20	0.00	0.00	0.00	0.00	0.00	0.00	0.00	0.00	13.26
181-1123C-4H-6,95-97	37.17	935.971	32.11	1.05	5.26	0.00	0.00	0.00	23.86	0.88	1.05	0.88	2.81	0.00	23.68	6.14	0.53	0.00	0.35	0.00	1.05	0.00	0.00	0.00	0.00	0.00	0.35	0.00	0.00	0.00	0.00	0.00	0.00	0.00	0.00	13.90
181-1123C-4H-6,100-102	37.22	937.882	27.72	0.89	8.20	0.00	0.00	0.44	21.29	3.10	1.77	2.66	3.10	0.00	22.84	4.88	0.44	0.00	0.89	0.00	1.11	0.00	0.00	0.00	0.44	0.00	0.22	0.00	0.00	0.00	0.00	0.00	0.00	0.00	0.00	16.54
181-1123C-4H-6,105-107	37.27	939.941	26.87	0.37	6.03	0.00	0.00	0.55	15.54	0.00	1.10	1.28	3.29	0.00	36.20	5.12	0.73	0.00	0.55	0.00	2.19	0.00	0.00	0.00	0.00	0.00	0.18	0.00	0.00	0.00	0.00	0.00	0.00	0.00	0.00	16.02
181-1123C-4H-6,110-112	37.32	942.000	24.47	1.81	6.34	0.00	0.00	0.60	25.38	1.51	1.21	1.51	2.11	0.00	29.31	3.32	0.30	0.00	0.00	0.00	1.81	0.00	0.00	0.00	0.30	0.00	0.00	0.00	0.00	0.00	0.00	0.00	0.00	0.00	0.00	15.55
181-1123C-4H-6,115-117	37.37	943.912	27.14	1.07	4.49	0.00	0.00	0.21	22.22	0.43	0.64	1.28	2.14	0.00	34.62	2.78	0.85	0.00	0.64	0.00	1.50	0.00	0.00	0.00	0.00	0.00	0.00	0.00	0.00	0.00	0.00	0.00	0.00	0.00	0.00	16.31
181-1123C-4H-6,120-122	37.42	945.971	21.76	0.42	3.56	0.00	0.00	0.42	26.57	2.93	0.84	2.72	1.46	0.00	31.80	4.60	0.21	0.00	1.05	0.00	1.05	0.42	0.00	0.00	0.21	0.00	0.00	0.00	0.00	0.00	0.00	0.00	0.00	0.00	0.00	16.65
181-1123C-4H-6,125-127	37.47	947.882	20.53	0.72	3.62	0.00	0.00	0.00	24.15	1.45	0.72	0.97	4.35	0.00	35.51	4.59	1.69	0.00	0.48	0.00	1.21	0.00	0.00	0.00	0.00	0.00	0.00	0.00	0.00	0.00	0.00	0.00	0.00	0.00	0.00	14.91
181-1123C-4H-6,130-132	37.52	949.941	21.74	0.29	4.35	0.00	0.00	0.00	23.48	0.58	1.16	2.61	2.61	0.00	30.14	9.57	0.58	0.00	1.16	0.00	1.74	0.00	0.00	0.00	0.00	0.00	0.00	0.00	0.00	0.00	0.00	0.00	0.00	0.00	0.00	15.71
181-1123C-4H-6,135-137	37.57	952.000	23.67	0.71	3.89	0.00	0.00	0.35	16.78	1.94	0.18	1.41	1.77	0.00	36.40	6.36	0.88	0.00	1.24	0.00	3.53	0.00	0.00	0.00	0.88	0.00	0.00	0.00	0.00	0.00	0.00	0.00	0.00	0.00	0.00	16.65
181-1123C-4H-6,140-142	37.62	954.261	28.43	0.25	5.24	0.00	0.00	0.50	18.95	0.25	0.00	0.75	0.50	0.00	34.16	7.23	0.75	0.00	0.75	0.00	2.24	0.00	0.00	0.00	0.00	0.00	0.00	0.00	0.00	0.00	0.00	0.00	0.00	0.00	0.00	15.21
181-1123C-4H-6,145-147	37.67	956.696	22.10	0.64	4.08	0.00	0.00	0.43	21.67	1.07	0.21	1.07	1.50	0.00	34.55	8.37	1.07	0.00	0.86	0.00	2.15	0.00	0.00	0.00	0.21	0.00	0.00	0.00	0.00	0.00	0.00	0.00	0.00	0.00	0.00	15.12
181-1123C-4H-7,0-2	37.72	959.130	22.69	0.18	4.06	0.00	0.00	1.29	21.03	0.55	1.85	2.03	3.32	0.00	32.47	7.75	1.29	0.00	0.55	0.00	0.74	0.00	0.00	0.00	0.18	0.00	0.00	0.00	0.00	0.00	0.00	0.00	0.00	0.00	0.00	15.13
181-1123C-4H-7,5-7	37.77	961.565	23.30	0.24	6.07	0.49	0.00	0.73	19.42	0.97	1.21	1.46	3.64	0.00	30.10	9.95	0.49	0.00	0.00	0.00	1.70	0.00	0.00	0.00	0.24	0.00	0.00	0.00	0.00	0.00	0.00	0.00	0.00	0.00	0.00	14.19
181-1123C-4H-7,10-12	37.82	964.000	25.70	0.51	4.58	0.00	0.00	0.51	21.88	0.25	3.31	0.51	3.05	0.00	23.66	14.76	0.76	0.00	0.00	0.00	0.51	0.00	0.00	0.00	0.00	0.00	0.00	0.00	0.00	0.00	0.00	0.00	0.00	0.00	0.00	10.98
181-1123C-4H-7,15-17	37.87	964.563	21.78	0.00	6.30	0.00	0.00	2.36	22.05	0.26	0.79	0.26	2.89	0.00	27.82	11.29	1.57	0.00	0.79	0.00	1.57	0.00	0.00	0.00	0.26	0.00	0.00	0.00	0.00	0.00	0.00	0.00	0.00	0.00	0.00	12.78
181-1123C-4H-7,20-22	37.92	965.126	27.51	0.00	4.21	0.00	0.00	0.00	18.77	0.00	0.00	0.00	1.94	0.00	34.95	10.36	0.00	0.00	0.00	0.00	2.27	0.00	0.00	0.00	0.00	0.00	0.00	0.00	0.00	0.00	0.00	0.00	0.00	0.00	0.00	13.14
181-1123C-4H-7,25-27	37.97	965.648	26.45	0.25	4.53	0.00	0.00	0.00	21.66	0.50	3.02	0.50	4.79	0.00	27.46	8.31	0.76	0.00	0.00	0.00	1.76	0.00	0.00	0.00	0.00	0.00	0.00	0.00	0.00	0.00	0.00	0.00	0.00	0.00	0.00	12.95
181-1124C-4H-7,30-32	38.02	966.211	26.77	0.19	5.35	0.00	0.00	0.19	16.06	0.00	3.44	0.00	4.59	0.00	27.34	13.38	1.15	0.00	0.00	0.00	1.34	0.00	0.00	0.00	0.19	0.00	0.00	0.00	0.00	0.00	0.00	0.00	0.00	0.00	0.00	11.38
181-1123C-4H-7,35-37	38.07	966.774	31.28	0.00	4.62	0.00	0.00	0.26	15.90	0.00	1.79	0.00	2.56	0.00	30.77	11.03	1.28	0.00	0.00	0.00	0.51	0.00	0.00	0.00	0.00	0.00	0.00	0.00	0.00	0.00	0.00	0.00	0.00	0.00	0.00	12.07
181-1123C-4H-7,40-42	38.12	967.337	27.80	0.00	2.44	0.00	0.00	0.49	14.15	0.24	4.63	0.00	3.90	0.00	36.59	8.29	0.98	0.00	0.00	0.00	0.49	0.00	0.00	0.00	0.00	0.00	0.00	0.00	0.00	0.00	0.00	0.00	0.00	0.00	0.00	13.05
181-1123B-5H-1,62-67		968.462	16.38	0.56	21.19	0.00	0.00	0.00	9.32	0.28	0.00	0.28	2.82	0.00	34.46	12.43	1.41	0.00	0.56	0.00	0.28	0.00	0.00	0.00	0.00	0.00	0.00	0.00	0.00	0.00	0.00	0.00	0.00	0.00	0.00	13.36
181-1123B-5H-1,69-72		969.025	31.43	0.52	10.65	0.52	0.26	0.26	12.47	0.00	1.82	0.52	4.16	0.00	27.27	7.27	2.34	0.00	0.00	0.00	0.52	0.00	0.00	0.00	0.00	0.00	0.00	0.00	0.00	0.00	0.00	0.00	0.00	0.00	0.00	13.34
181-1123B-5H-1,79-81		969.548	29.77	0.76	5.73	0.00	0.00	0.00	7.63	0.00	0.00	1.15	1.53	0.00	41.22	8.40	1.91	0.00	0.38	0.00	0.38	0.00	0.00	0.00	0.00	0.00	1.15	0.00	0.00	0.00	0.00	0.00	0.00	0.00	0.00	15.83
181-1123B-5H-1,84-86		970.111	31.46	0.24	5.85	0.00	0.00	0.00	12.93	0.00	0.24	0.73	3.41	0.00	38.29	4.63	0.73	0.00	0.00	0.00	1.46	0.00	0.00	0.00	0.00	0.00	0.00	0.00	0.00	0.00	0.00	0.00	0.00	0.00	0.00	15.52
181-1123B-5H-1,88-90		970.673	29.24	0.88	4.68	0.00	0.00	0.00	14.91	0.29	0.29	0.29	1.17	0.00	41.81	3.80	0.88	0.00	0.00	0.00	1.75	0.00	0.00	0.00	0.00	0.00	0.00	0.00	0.00	0.00	0.00	0.00	0.00	0.00	0.00	15.58
181-1123B-5H-1,93-95		971.236	26.21	0.85	6.55	0.00	0.00	0.28	10.54	0.00	0.00	0.57	0.85	0.00	48.43	4.56	0.28	0.00	0.00	0.00	0.57	0.00	0.00	0.00	0.00	0.00	0.28	0.00	0.00	0.00	0.00	0.00	0.00	0.00	0.00	16.00
181-1123B-5H-1,96-99		971.799	29.62	0.29	5.28	0.00	0.00	0.88	15.84	0.00	0.00	0.29	2.64	0.00	40.18	3.23	0.88	0.00	0.00	0.00	0.59	0.00	0.00	0.00	0.00	0.00	0.29	0.00	0.00	0.00	0.00	0.00	0.00	0.00	0.00	15.21
181-1123B-5H-1,100-104		972.482	31.66	0.00	3.13	0.00	0.00	0.31	10.97	0.00	0.00	0.00	0.63	0.00	49.84	1.88	0.63	0.00	0.00	0.00	0.94	0.00	0.00	0.00	0.00	0.00	0.00	0.00	0.00	0.00	0.00	0.00	0.00	0.00	0.00	16.21
181-1123B-5H-1,105-109		972.925	27.63	0.00	2.30	0.33	0.00	0.00	5.92	0.33	0.00	0.33	1.64	0.00	54.61	3.62	0.99	0.00	0.00	0.00	2.30	0.00	0.00	0.00	0.00	0.00	0.00	0.00	0.00	0.00	0.00	0.00	0.00	0.00	0.00	16.63
181-1123B-5H-1,108-112	38.64	973.126	30.47	0.43	2.15	0.00	0.00	0.86	5.15	0.00	0.21	0.64	0.43	0.00	51.93	3.22	3.22	0.00	0.21	0.00	1.07	0.00	0.00	0.00	0.00	0.00	0.00	0.00	0.00	0.00	0.00	0.00	0.00	0.00	0.00	16.95
181-1123B-5H-1,119-121	38.74	974.251	33.33	0.89	1.33	0.00	0.00	0.89	3.56	0.00	0.89	0.44	0.89	0.00	54.67	2.67	0.00	0.00	0.44	0.00	0.00	0.00	0.00	0.00	0.00	0.00	0.00	0.00	0.00	0.00	0.00	0.00	0.00	0.00	0.00	16.89
181-1123B-5H-1,129-131	38.84	975.377	21.17	0.23	1.80	0.00	0.00	0.00	3.83	0.23	0.45	0.45	1.35	0.00	59.91	7.43	2.03	0.00	0.00	0.00	0.90	0.23	0.00	0.00	0.00	0.00	0.00	0.00	0.00	0.00	0.00	0.00	0.00	0.00	0.00	16.00
181-1123B-5H-1,139-141	38.94	976.462	21.53	0.00	6.23	0.00	0.00	0.28	6.52	0.00	0.57	0.28	0.57	0.00	52.41	8.78	1.70	0.00	0.28	0.00	0.85	0.00	0.00	0.00	0.00	0.00	0.00	0.00	0.00	0.00	0.00	0.00	0.00	0.00	0.00	15.34
181-1123B-5H-1,148-150	39.03	977.467	28.00	0.00	3.60	0.00	0.00	1.00	8.20	0.80	0.20	0.40	1.60	0.00	36.00	17.00	0.80	0.00	1.00	0.00	1.40	0.00	0.00	0.00	0.00	0.00	0.00	0.00	0.00	0.00	0.00	0.00	0.00	0.00	0.00	13.26
181-1123B-5H-2,7-9	39.12	978.472	27.17	0.38	2.64	0.00	0.00	0.00	12.26	1.51	0.57	1.13	3.21	0.00	36.42	9.25	0.75	0.00	2.83	0.00	1.70	0.00	0.00	0.00	0.19	0.00	0.00	0.00	0.00	0.00	0.00	0.00	0.00	0.00	0.00	16.20
181-1123B-5H-2,18-20	39.23	979.719	26.62	0.68	3.41	0.00	0.00	0.34	10.92	0.68	0.00	1.37	4.10	0.00	42.66	3.07	2.73	0.00	2.05	0.00	1.37	0.00	0.00	0.00	0.00	0.00	0.00	0.00	0.00	0.00	0.00	0.00	0.00	0.00	0.00	16.95
181-1124B-5H-2,18-20	39.23		26.97	0.49	2.92	0.00	0.00	0.12	11.79	1.22	0.36	1.22	3.52	0.00	38.64	7.05	1.46	0.00	2.55	0.00	1.58	0.00	0.00	0.00	0.00	0.00	0.12	0.00	0.00	0.00	0.00	0.00	0.00	0.00	0.00	
181-1123B-5H-2,29-31	39.34	980.884	14.80	0.00	3.06	0.26	0.00	0.26	11.73	0.77	0.26	2.04	4.59	0.00	44.64	5.61	1.53	0.00	6.63	0.00	3.32	0.26	0.00	0.00	0.26	0.00	0.00	0.00	0.00	0.00	0.00	0.00	0.00	0.00	0.00	18.32
181-1123B-5H-2,39-41	39.44	981.889	11.39	0.00	6.94	1.39	0.00	0.28	9.17	0.56	0.83	0.83	1.94	0.00	53.89	10.28	0.83	0.00	0.83	0.00	0.83	0.00	0.00	0.00	0.00	0.00	0.00	0.00	0.00	0.00	0.00	0.00	0.00	0.00	0.00	15.52
181-1123B-5H-2,49-51	39.54	982.894	23.28	0.00	9.05	0.22	0.00	0.22	13.58	0.22	0.65	0.00	9.27	0.00	22.84	18.75	1.51	0.00	0.00	0.00	0.43	0.00	0.00	0.00	0.00	0.00	0.00	0.00	0.00	0.00	0.00	0.00	0.00	0.00	0.00	9.82
181-1123B-5H-2,58-60	39.63	983.819	20.59	0.00	5.04	0.63	0.00	0.00	16.81	0.00	0.84	0.21	7.56	0.00	22.48	23.74	0.63	0.00	0.21	0.00	1.05	0.00	0.00	0.00	0.21	0.00	0.00	0.00	0.00	0.00	0.00	0.00	0.00	0.00	0.00	9.46
181-1123B-5H-2,69-71	39.74	984.945	20.00	0.28	2.22	2.22	0.00	0.56	18.06	0.56	0.56	0.56	3.89	0.00	33.06	16.67	1.11	0.00	0.00	0.00	0.28	0.00	0.00	0.00	0.00	0.00	0.00	0.00	0.00	0.00	0.00	0.00	0.00	0.00	0.00	11.87
181-1123B-5H-2,79-81	39.84	985.950	15.71	0.85	3.18	2.12	0.00	0.00	18.68	0.64	0.85	0.21	3.40	0.00	40.34	12.31	1.27	0.00	0.42	0.00	0.00	0.00	0.00	0.00	0.00	0.00	0.00	0.00	0.00	0.00	0.00	0.00	0.00	0.00	0.00	13.00
181-1123B-5H-2,89-91	39.94	986.955	34.49	0.25	1.99	3.47	0.00	0.00	8.19	0.99	0.00	1.24	3.23	0.00	36.72	8.68	0.00	0.00	0.50	0.00	0.00	0.00	0.00	0.00	0.00	0.00	0.25	0.00	0.00	0.00	0.00	0.00	0.00	0.00	0.00	15.32
181-1123B-5H-2,99-101	40.40	987.960	28.19	0.00	2.33	0.54	0.00	0.00	4.85	0.90	0.18	1.26	4.31	0.00	51.17	3.59	0.90	0.00	0.54	0.00	0.90	0.00	0.00	0.00	0.36	0.00	0.00	0.00	0.00	0.00	0.00	0.00	0.00	0.00	0.00	16.94
181-1123B-5H-2,108-110	40.13	988.884	18.64	0.00	3.53	0.25	0.00	0.00	5.79	0.25	0.76	0.76	2.77	0.00	55.67	7.30	1.26	0.00	1.26	0.00	1.51	0.00	0.00	0.00	0.00	0.00	0.25	0.00	0.00	0.00	0.00	0.00	0.00	0.00	0.00	16.43
181-1123B-5H-2,119-121	40.24	990.010	16.27	0.24	11.72	0.00	0.00	0.24	9.81	0.24	0.24	0.24	4.07	0.00	36.12	19.14	0.96	0.00	0.00	0.00	0.72	0.00	0.00	0.00	0.00	0.00	0.00	0.00	0.00	0.00	0.00	0.00	0.00	0.00	0.00	11.66
181-1123B-5H-2,129-131	40.34	991.015	29.79	0.43	4.04	0.00	0.00	0.00	13.19	0.85	0.64	0.00	3.83	0.00	21.06	25.11	0.64	0.00	0.21	0.00	0.00	0.00	0.00	0.00	0.00	0.00	0.21	0.00	0.00	0.00	0.00	0.00	0.00	0.00	0.00	8.65
181-1123B-5H-2,139-141	40.44	992.020	18.89	1.39	7.50	0.00	0.00	0.28	19.17	0.83	0.56	0.56	5.83	0.00	29.17	14.72	0.00	0.00	0.83	0.00	0.28	0.00	0.00	0.00	0.00	0.00	0.00	0.00	0.00	0.00	0.00	0.00	0.00	0.00	0.00	12.18
181-1123B-5H-2,148-150	40.53	992.945	18.20	1.50	7.71	0.00	0.00	0.00	13.70	2.57	0.21	0.43	6.21	0.00	32.55	13.92	0.43	0.00	1.07	0.00	0.21	0.00	0.00	0.00	1.28	0.00	0.00	0.00	0.00	0.00	0.00	0.00	0.00	0.00	0.00	13.28
181-1123B-5H-3,7-9	40.62	993.869	15.65	1.74	3.19	0.58	0.00	0.00	19.71	1.45	0.29	0.00	4.06	0.00	41.16	8.70	1.16	0.00	1.74	0.00	0.58	0.00	0.00	0.00	0.00	0.00	0.00	0.00	0.00	0.00	0.00	0.00	0.00	0.00	0.00	14.30
181-1123B-5H-3,17-19	40.72	994.874	19.32	1.70	3.18	0.21	0.00	0.00	13.59	1.91	1.70	1.06	2.34	0.00	39.70	12.31	1.27	0.00	1.70	0.00	0.00	0.00	0.00	0.00	0.00	0.00	0.00	0.00	0.00	0.00	0.00	0.00	0.00	0.00	0.00	14.78
181-1123B-5H-3,28-30	40.83	996.000	22.48	0.23	2.52	0.92	0.00	0.46	15.83	2.75	1.61	1.38	5.05	0.00	35.55	7.57	0.92	0.00	2.06	0.00	0.46	0.23	0.00	0.00	0.00	0.00	0.00	0.00	0.00	0.00	0.00	0.00	0.00	0.00	0.00	15.74
181-1123B-5H-3,39-41	40.94	998.835	22.00	0.49	3.12	0.00	0.00	0.16	11.49	0.82	0.16	0.82	4.11	0.00	43.68	10.02	1.15	0.00	1.48	0.00	0.49	0.00	0.00	0.00	0.00	0.00	0.00	0.00	0.00	0.00	0.00	0.00	0.00	0.00	0.00	15.21
181-1123B-5H-3,49-51		1001.460	19.76	0.00	5.99	0.00	0.00	0.00	9.18	0.80	0.00	0.40	5.19	0.00	44.71	7.78	2.99	0.00	0.80	0.20	2.20	0.00	0.00	0.00	0.00	0.00	0.00	0.00	0.00	0.00	0.00	0.00	0.00	0.00	0.00	
181-1123B-5H-3,63-65		1004.820	18.94	0.43	7.66	0.64	0.00	0.64	6.81	1.28	0.43	0.43	5.32	0.00	44.47	8.51	3.19	0.00	0.43	0.00	0.85	0.00	0.00	0.00	0.00	0.00	0.00	0.00	0.00	0.00	0.00	0.00	0.00	0.00	0.00	
181-1123B-5H-3,79-81		1008.700	33.76	0.52	3.09	0.00	0.00	0.26	9.28	0.52	3.35	1.03	8.51	0.00	21.91	15.72	1.80	0.00	0.00	0.00	0.26	0.00	0.00	0.00	0.00	0.00	0.00	0.00	0.00	0.00	0.00	0.00	0.00	0.00	0.00	
181-1123B-5H-3,89-91		1011.230	38.40	0.86	5.16	0.57	0.00	0.86	8.88	1.72	0.86	1.15	4.58	0.00	18.91	16.62	1.15	0.00	0.00	0.29	0.00	0.00	0.00	0.00	0.00	0.00	0.00	0.00	0.00	0.00	0.00	0.00	0.00	0.00	0.00	
181-1123B-5H-3,99-101		1013.640	35.07	0.24	2.37	0.24	0.00	0.24	11.37	0.24	1.18	0.71	3.79	0.00	26.78	15.88	1.42	0.00	0.24	0.00	0.24	0.00	0.00	0.00	0.00	0.00	0.00	0.00	0.00	0.00	0.00	0.00	0.00	0.00	0.00	
181-1123B-5H-3,108-110		1015.840	37.54	0.00	0.90	0.00	0.00	0.00	9.91	0.60	1.50	0.30	3.00	0.00	31.53	13.21	0.30	0.00	0.90	0.00	0.30	0.00	0.00	0.00	0.00	0.00	0.00	0.00	0.00	0.00	0.00	0.00	0.00	0.00	0.00	
181-1123B-5H-3,119-121		1018.470	26.61	0.31	9.48	0.00	0.00	0.00	5.20	0.00	0.61	0.00	1.53	0.00	35.17	18.35	2.14	0.00	0.31	0.00	0.31	0.00	0.00	0.00	0.00	0.00	0.00	0.00	0.00	0.00	0.00	0.00	0.00	0.00	0.00	
181-1123B-5H-3,129-131		1020.880	36.27	0.00	3.73	0.00	0.00	0.00	5.08	0.00	2.71	1.02	2.37	0.00	28.47	18.98	0.68	0.00	0.34	0.00	0.34	0.00	0.00	0.00	0.00	0.00	0.00	0.00	0.00	0.00	0.00	0.00	0.00	0.00	0.00	
181-1123B-5H-3,148-150		1025.610	36.12	1.00	2.34	1.67	0.00	0.00	8.36	0.33	1.67	2.01	3.34	0.00	34.45	5.35	1.34	0.00	0.67	0.00	1.34	0.00	0.00	0.00	0.00	0.00	0.00	0.00	0.00	0.00	0.00	0.00	0.00	0.00	0.00	
181-1123B-5H-4,7-9		1027.710	28.17	1.76	4.58	1.41	0.00	0.70	7.04	1.06	2.46	0.35	3.87	0.00	40.49	3.52	1.41	0.00	0.70	0.35	1.41	0.00	0.00	0.00	0.00	0.00	0.70	0.00	0.00	0.00	0.00	0.00	0.00	0.00	0.00	
181-1123B-5H-4,17-19		1030.230	34.46	0.75	2.62	0.75	0.00	0.00	10.86	0.00	1.50	1.12	4.87	0.00	37.08	1.50	1.12	0.00	1.50	0.00	1.50	0.00	0.00	0.00	0.00	0.00	0.37	0.00	0.00	0.00	0.00	0.00	0.00	0.00	0.00	
181-1123B-5H-4,38-40		1035.270	19.12	0.00	3.30	0.00	0.00	0.22	14.95	0.00	3.30	0.22	8.35	0.00	31.87	14.95	1.98	0.00	0.22	0.00	1.54	0.00	0.00	0.00	0.00	0.00	0.00	0.00	0.00	0.00	0.00	0.00	0.00	0.00	0.00	
181-1123B-5H-4,49-51		1038.000	19.39	0.00	7.48	0.34	0.00	0.68	13.27	0.34	6.80	0.00	8.50	0.00	31.63	9.52	1.70	0.00	0.00	0.00	0.34	0.00	0.00	0.00	0.00	0.00	0.00	0.00	0.00	0.00	0.00	0.00	0.00	0.00	0.00	
181-1123B-5H-4,57-59		1039.990	19.60	0.00	6.92	0.00	0.00	0.00	10.66	0.00	8.07	0.29	10.66	0.00	36.02	5.76	0.86	0.00	0.58	0.00	0.29	0.00	0.00	0.00	0.00	0.00	0.29	0.00	0.00	0.00	0.00	0.00	0.00	0.00	0.00	
181-1123B-5H-4,79-81		1045.320	15.91	0.00	2.56	0.28	0.00	0.00	9.66	0.28	1.70	0.28	5.11	0.00	55.40	5.68	2.56	0.00	0.28	0.00	0.28	0.00	0.00	0.00	0.00	0.00	0.00	0.00	0.00	0.00	0.00	0.00	0.00	0.00	0.00	
181-1123B-5H-4,87-89		1047.210	24.77	0.00	2.17	0.93	0.00	0.00	6.50	0.93	1.86	0.00	5.26	0.00	47.68	4.02	3.41	0.00	0.93	0.00	0.93	0.00	0.00	0.00	0.00	0.00	0.62	0.00	0.00	0.00	0.00	0.00	0.00	0.00	0.00	
181-1123B-5H-4,99-101		1050.140	24.60	0.64	6.71	0.32	0.00	0.32	2.88	0.32	2.24	0.00	4.15	0.00	53.67	1.60	2.24	0.00	0.00	0.00	0.32	0.00	0.00	0.00	0.00	0.00	0.00	0.00	0.00	0.00	0.00	0.00	0.00	0.00	0.00	
181-1123B-5H-4,108-110		1052.330	29.24	0.00	4.39	0.29	0.00	0.00	2.05	0.58	1.75	0.29	6.14	0.00	47.95	5.26	1.17	0.00	0.29	0.00	0.58	0.00	0.00	0.00	0.00	0.00	0.00	0.00	0.00	0.00	0.00	0.00	0.00	0.00	0.00	
181-1123B-5H-4,119-121		1055.050	26.42	0.54	2.43	0.00	0.00	0.27	6.20	0.27	2.96	0.27	3.77	0.00	52.02	3.77	1.08	0.00	0.00	0.00	0.00	0.00	0.00	0.00	0.00	0.00	0.00	0.00	0.00	0.00	0.00	0.00	0.00	0.00	0.00	
181-1123B-5H-4,139-141		1059.860	20.56	1.25	4.05	0.31	0.00	0.62	6.23	0.00	0.93	0.00	2.80	0.00	55.45	5.30	0.93	0.00	0.93	0.00	0.62	0.00	0.00	0.00	0.00	0.00	0.00	0.00	0.00	0.00	0.00	0.00	0.00	0.00	0.00	
181-1123C-5H-3,115-117		1062.270	25.23	1.54	2.15	1.85	0.00	0.62	10.46	0.00	0.31	1.23	4.31	0.00	41.54	5.23	1.23	0.00	1.54	0.00	2.77	0.00	0.00	0.00	0.00	0.00	0.00	0.00	0.00	0.00	0.00	0.00	0.00	0.00	0.00	
181-1123C-5H-3,124-126		1064.470	24.20	0.00	0.00	1.91	0.00	0.00	8.28	0.00	1.59	0.00	5.10	0.00	53.18	1.91	1.91	0.00	1.91	0.00	0.00	0.00	0.00	0.00	0.00	0.00	0.00	0.00	0.00	0.00	0.00	0.00	0.00	0.00	0.00	
181-1123C-5H-3,145-147		1069.590	35.60	0.97	0.00	0.00	0.00	0.65	8.41	0.32	0.00	0.32	7.12	0.00	38.19	1.62	0.65	0.00	5.18	0.00	0.97	0.00	0.00	0.00	0.00	0.00	0.00	0.00	0.00	0.00	0.00	0.00	0.00	0.00	0.00	
181-1123C-5H-4,5-7		1072.000	23.08	0.32	3.53	0.00	0.00	0.00	16.99	0.64	3.85	2.88	6.09	0.00	30.45	3.53	0.64	0.00	8.01	0.00	0.00	0.00	0.00	0.00	0.00	0.00	0.00	0.00	0.00	0.00	0.00	0.00	0.00	0.00	0.00	
181-1123C-5H-4,15-17		1075.930	24.61	0.95	4.73	0.00	0.00	0.32	13.88	1.26	2.52	3.15	5.36	0.00	31.23	5.36	0.00	0.00	4.42	0.00	2.21	0.00	0.00	0.00	0.00	0.00	0.00	0.00	0.00	0.00	0.00	0.00	0.00	0.00	0.00	
181-1123C-5H-4,35-37		1089.960	16.34	0.00	3.41	0.00	0.00	0.00	24.39	3.41	3.17	1.71	3.90	0.00	26.59	9.02	1.46	0.00	3.66	0.00	2.93	0.00	0.00	0.00	0.00	0.00	0.00	0.00	0.00	0.00	0.00	0.00	0.00	0.00	0.00	
181-1123C-5H-4,45-47		1098.000	24.21	1.05	5.61	0.70	0.00	0.35	11.23	1.05	0.70	1.05	6.67	0.00	37.19	8.07	1.05	0.00	0.00	0.00	1.05	0.00	0.00	0.00	0.00	0.00	0.00	0.00	0.00	0.00	0.00	0.00	0.00	0.00	0.00	
181-1123C-5H-4,65-67		1103.750	22.04	0.27	6.72	0.27	0.00	0.00	6.99	1.34	1.88	1.61	3.76	0.00	47.31	4.03	1.08	0.00	1.34	0.00	1.34	0.00	0.00	0.00	0.00	0.00	0.00	0.00	0.00	0.00	0.00	0.00	0.00	0.00	0.00	
181-1123C-5H-4,75-77		1106.650	31.72	0.32	0.97	0.32	0.00	0.32	3.88	0.00	0.65	0.65	1.94	0.00	50.81	4.85	0.97	0.00	0.65	0.00	1.62	0.00	0.00	0.00	0.00	0.00	0.32	0.00	0.00	0.00	0.00	0.00	0.00	0.00	0.00	
181-1123C-5H-4,85-87		1109.500	33.85	4.36	3.59	0.00	0.00	0.26	5.13	0.00	1.03	0.00	2.31	0.00	36.92	10.00	0.00	0.00	1.79	0.00	0.77	0.00	0.00	0.00	0.00	0.00	0.00	0.00	0.00	0.00	0.00	0.00	0.00	0.00	0.00	
181-1123C-5H-4,105-107		1115.310	38.27	3.40	0.00	0.93	0.00	0.00	14.20	0.00	1.54	2.78	3.70	0.00	24.07	5.86	0.00	0.00	4.63	0.00	0.62	0.00	0.00	0.00	0.00	0.00	0.00	0.00	0.00	0.00	0.00	0.00	0.00	0.00	0.00	
181-1123C-5H-4,115-117		1117.720	31.05	1.96	0.00	0.33	0.00	0.00	11.76	0.98	1.31	1.96	4.90	0.00	31.70	9.80	1.31	0.00	0.98	0.00	1.96	0.00	0.00	0.00	0.00	0.00	0.00	0.00	0.00	0.00	0.00	0.00	0.00	0.00	0.00	
181-1123C-5H-4,125-127		1119.760	26.82	3.50	1.75	0.00	0.00	0.58	11.66	2.92	2.62	1.46	7.29	0.00	26.24	11.66	0.29	0.00	1.75	0.00	1.46	0.00	0.00	0.00	0.00	0.00	0.00	0.00	0.00	0.00	0.00	0.00	0.00	0.00	0.00	
181-1123C-5H-5,6-8		1126.000	44.73	4.15	2.56	0.00	0.00	0.00	8.63	0.64	3.51	0.00	6.07	0.00	18.53	9.90	0.64	0.00	0.00	0.00	0.64	0.00	0.00	0.00	0.00	0.00	0.00	0.00	0.00	0.00	0.00	0.00	0.00	0.00	0.00	
181-1123C-5H-5,15-17		1131.700	57.23	4.42	2.36	0.00	0.00	0.29	8.26	0.00	2.95	0.29	2.95	0.00	12.68	7.37	0.29	0.00	0.29	0.00	0.29	0.00	0.00	0.00	0.29	0.00	0.00	0.00	0.00	0.00	0.00	0.00	0.00	0.00	0.00	
181-1123C-5H-5,35-37		1144.460	45.79	3.12	0.93	0.31	0.00	0.31	9.03	0.31	1.25	0.31	3.12	0.00	31.78	2.49	0.00	0.00	0.62	0.00	0.31	0.00	0.00	0.00	0.00	0.00	0.31	0.00	0.00	0.00	0.00	0.00	0.00	0.00	0.00	
181-1123C-5H-5,45-47		1150.750	27.78	2.22	5.00	0.56	0.00	0.56	11.94	0.56	1.67	0.28	5.56	0.00	34.44	4.44	0.56	0.00	3.33	0.00	1.11	0.00	0.00	0.00	0.00	0.00	0.00	0.00	0.00	0.00	0.00	0.00	0.00	0.00	0.00	
181-1123C-5H-5,55-57		1157.230	36.93	1.96	2.94	0.65	0.00	0.33	10.13	0.00	0.98	0.65	4.90	0.00	33.99	4.58	0.33	0.00	1.31	0.00	0.33	0.00	0.00	0.00	0.00	0.00	0.00	0.00	0.00	0.00	0.00	0.00	0.00	0.00	0.00	
181-1123C-5H-5,65-67		1163.520	35.11	3.76	3.13	0.00	0.00	0.31	8.15	0.94	0.94	1.25	3.76	0.00	35.42	2.51	0.63	0.00	2.82	0.00	1.25	0.00	0.00	0.00	0.00	0.00	0.00	0.00	0.00	0.00	0.00	0.00	0.00	0.00	0.00	
181-1123C-5H-5,75-77		1170.000	30.32	1.81	3.25	0.36	0.00	0.00	14.80	1.08	1.44	3.97	3.97	0.00	32.49	3.25	0.72	0.00	2.17	0.00	0.36	0.00	0.00	0.00	0.00	0.00	0.00	0.00	0.00	0.00	0.00	0.00	0.00	0.00	0.00	
181-1123C-5H-5,95-97		1182.060	41.82	6.17	0.80	0.54	0.00	0.00	11.80	0.54	1.07	0.00	4.29	0.00	25.47	3.75	0.00	0.00	2.95	0.00	0.27	0.00	0.00	0.00	0.27	0.00	0.27	0.00	0.00	0.00	0.00	0.00	0.00	0.00	0.00	
181-1123C-5H-5,105-107		1188.000	40.93	2.21	0.49	0.25	0.00	0.98	13.97	0.98	3.19	2.45	3.92	0.00	21.81	2.45	0.98	0.00	4.17	0.00	0.98	0.25	0.00	0.00	0.00	0.00	0.00	0.00	0.00	0.00	0.00	0.00	0.00	0.00	0.00	
181-1123C-5H-5,115-117		1194.120	42.99	6.27	0.30	0.00	0.00	0.60	8.96	0.00	1.79	0.00	3.58	0.00	28.66	4.48	0.30	0.00	2.09	0.00	0.00	0.00	0.00	0.00	0.00	0.00	0.00	0.00	0.00	0.00	0.00	0.00	0.00	0.00	0.00	
181-1123C-5H-5,125-127		1199.510	34.38	2.50	2.50	0.00	0.00	0.94	13.13	0.94	4.06	0.63	5.31	0.00	16.25	16.25	0.31	0.00	1.56	0.00	1.25	0.00	0.00	0.00	0.00	0.00	0.00	0.00	0.00	0.00	0.00	0.00	0.00	0.00	0.00	
181-1123C-5H-5,135-137		1204.140	25.89	3.24	4.53	0.00	0.00	0.32	10.68	1.62	0.97	0.32	5.18	0.00	40.45	2.59	0.65	0.00	1.62	0.00	1.94	0.00	0.00	0.00	0.00	0.00	0.00	0.00	0.00	0.00	0.00	0.00	0.00	0.00	0.00	
181-1123C-5H-5,145-147		1208.780	37.32	4.93	0.35	0.00	0.00	0.00	6.34	1.06	1.06	0.35	2.82	0.00	38.73	2.82	0.70	0.00	1.76	0.00	1.76	0.00	0.00	0.00	0.00	0.00	0.00	0.00	0.00	0.00	0.00	0.00	0.00	0.00	0.00	
181-1123C-5H-6,5-7		1213.610	35.14	2.86	0.00	0.29	0.00	0.86	20.86	0.86	3.43	2.57	5.71	0.00	12.29	2.86	0.29	0.00	10.00	0.00	2.00	0.00	0.00	0.00	0.00	0.00	0.00	0.00	0.00	0.00	0.00	0.00	0.00	0.00	0.00	
181-1123B-6H-1,139-141		1222.890	35.59	2.03	0.34	1.02	0.00	1.36	17.63	1.36	0.00	1.69	4.41	0.00	20.34	10.17	0.34	0.00	3.05	0.00	0.34	0.00	0.00	0.00	0.00	0.00	0.34	0.00	0.00	0.00	0.00	0.00	0.00	0.00	0.00	
181-1123B-6H-1,147-149		1226.600	16.70	1.74	0.43	0.43	0.00	0.87	11.50	0.43	0.87	2.17	15.18	0.00	21.26	21.91	0.87	0.00	3.04	0.00	2.17	0.00	0.00	0.00	0.00	0.00	0.43	0.00	0.00	0.00	0.00	0.00	0.00	0.00	0.00	
181-1123B-6H-2,7-9		1231.420	11.70	0.53	0.27	1.60	0.00	0.00	14.36	0.53	0.53	0.80	5.05	0.00	50.27	8.78	1.86	0.00	3.19	0.00	0.53	0.00	0.00	0.00	0.00	0.00	0.00	0.00	0.00	0.00	0.00	0.00	0.00	0.00	0.00	
