# Late Miocene to Present Global Ocean Alkenone and SST Reconstruction Data
#-----------------------------------------------------------------------
#               World Data Service for Paleoclimatology, Boulder
#                                   and
#                      NOAA Paleoclimatology Program
#-----------------------------------------------------------------------
# Template Version 3.0
# Encoding: UTF-8
# NOTE: Please cite original publication, online resource and date accessed when using this data.
# If there is no publication information, please cite Investigator, title, online resource and date accessed.
#
# Description/Documentation lines begin with #
# Data lines have no #
#
# Online_Resource: https://www.ncdc.noaa.gov/paleo/study/25390
#      Description: NOAA Landing Page
# Online_Resource: http://www1.ncdc.noaa.gov/pub/data/paleo/contributions_by_author/herbert2016/herbert2016-odp982.txt
#      Description: NOAA location of the template
#
# Archive: Paleoceanography
#
# Dataset_DOI:
#
# Parameter_Keywords: biomarkers
#---------------------------------------
# Contribution_Date
#    Date: 2018-10-10
#---------------------------------------
# File_Last_Modified_Date
#    Date: 2018-10-10
#---------------------------------------
# Title
#    Study_Name: Late Miocene to Present Global Ocean Alkenone and SST Reconstruction Data
#---------------------------------------
# Investigators
#      Investigators: Herbert, T.D.; Lawrence, K.T.; Tzanova, A.; Peterson, L.C.; Caballero-Gill, R.; Kelly, C.S.
#---------------------------------------
# Description_Notes_and_Keywords
#        Description: Note: age models for Sites 907 and 982 refined following publication of Herbert et al., 2016 NGS
#         Provided Keywords: Global ocean cooling, mid-Miocene to Present
#---------------------------------------
# Publication
# Authors: Herbert, T.D., Lawrence, K.T.,Tzanova, A., Peterson, L.C., Caballero-Gill, R., and Kelly, C.S.
# Published_Date_or_Year: 2016
# Published_Title: Late Miocene Global Cooling and the Rise of Modern Ecosystems
# Journal_Name: Nature Geoscience
# Volume: 9
# Edition: 
# Issue: 
# Pages: 843-847
# Report_Number: 
# DOI: 10.1038/ngeo2813
# Online_Resource: 
# Full_Citation: 
# Abstract: During the late Miocene epoch, about seven million years ago, large areas of the continents experienced drying, enhanced seasonality, and a restructuring of terrestrial plant and animal communities. These changes are seen throughout the subtropics, but have typically been attributed to regional tectonic forcing. Here we present a set of globally distributed sea surface temperature records spanning the past 12 million years based on the alkenone unsaturation method. We find that a sustained late Miocene cooling occurred synchronously in both hemispheres, and culminated with ocean temperatures dipping to near-modern values between about 7 and 5.4 million years ago. The period of maximum cooling coincides with evidence for transient glaciations in the Northern Hemisphere and with a steepening of the pole-to-equator temperature gradient, as well. We thus infer that late Miocene aridity and terrestrial ecosystem changes occurred in a global context of increasing meridional temperature gradients. We conclude that a global forcing mechanism, such as the previously hypothesized decline in atmospheric CO2 levels between eight and six million years ago, is required to explain the late Miocene changes in temperature, climate and ecosystems. 
#---------------------------------------
# Publication
# Authors: Lawrence, K.T., T.D. Herbert, C.M. Brown, M.E. Raymo, and A.M. Haywood
# Published_Date_or_Year: 2009
# Published_Title: High-amplitude variations in North Atlantic sea surface temperature during the early Pliocene warm period
# Journal_Name: Paleoceanography
# Volume: 24
# Edition: 
# Issue: 
# Pages: 
# Report_Number: 
# DOI: 10.1029/2008PA001669 
# Online_Resource: 
# Full_Citation: 
# Abstract: We provide the first continuous, orbital-resolution sea surface temperature (SST) record from the high- latitude North Atlantic, a region critical to understanding the origin of the Plio-Pleistocene ice ages and proximal to regions that became frequently glaciated after 2.7 Ma. We analyzed sediments from Ocean Drilling Program Site 982 over the last 4 Ma for their alkenone unsaturation index and compared this surface water signal to a benthic d18O record obtained from the same section. We find that while ocean surface temperatures were significantly warmer ( 6°C) than modern temperatures during the early Pliocene, they were also as variable as those during the late Pleistocene, a surprising result in light of the subdued variance of oxygen isotopic time series during the interval of 3–5 Ma. We propose two possible explanations for the high orbital-scale SST variability observed: either that a strong, high-latitude feedback mechanism not involving large continental ice sheets alternately cooled and warmed a broad region of the northern high latitudes or that by virtue of its location near the northern margin of the North Atlantic Drift, the site was unusually sensitive to obliquity-driven climate shifts. On supraorbital time scales, a strong, sustained cooling of North Atlantic SSTs (4.5°C) occurred from 3.5 to 2.5 Ma and was followed by an interval of more modest cooling (an additional 1.5°C) from 2.5 Ma to the present. Evolutionary orbital-scale phase relationships between North Atlantic SST and benthic d18O show that SST began to lead d18O significantly coincident with the onset of strong cooling at Site 982 (3..5 Ma). We speculate that these changes were related to the growth and subsequent persistence of a Greenland ice sheet of approximately modern size through interglacial states. 
#---------------------------------------
# Funding_Agency
#    Funding_Agency_Name: National Science Foundation Ocean Sciences
#    Grant:  1459280, 1545859
#---------------------------------------
# Funding_Agency
#    Funding_Agency_Name: Evolving Earth Foundation
#    Grant: 
#---------------------------------------
# Site_Information
# Site_Name: ODP 982
# Location: North Atlantic Ocean
# Country: 
# Northernmost_Latitude: 57.517
# Southernmost_Latitude: 57.517
# Easternmost_Longitude: -15.8665
# Westernmost_Longitude: -15.8665
# Elevation: -1134
#---------------------------------------
# Data_Collection
#   Collection_Name: ODP982-2016alkenones Herbert
#   First_Year: 15882900
#   Last_Year: 100
#   Time_Unit: cal yr BP
#   Core_Length: 
#   Notes: Uk'37 measurement precision typically 0.005 units
#---------------------------------------
# Chronology_Information 
# Chronology: 
# chronology taken from Lawrence et al. 2009 0-4.026 Ma; from Drury et al. 2017, Climate of the Past from 4.026-8.2 Ma; Herbert et al. 2016 Nature Geoscience from 8.2-16 Ma
# Event	age_ka	error_ka	depth_(mcd)	
# Gi20	3997	20	98.46	
# Drury_2017	4478.87	10	120.14	
# Drury_2017	4601.53	10	124.59	
# N6	4698	20	128.09	
# Si6	4895.36	20	139.25	
# Drury_2017	4999	10	145.95	
# Drury_2017	5199.36	10	157.83	
# Drury_2017	5300.7	10	162.35	
# Drury_2017	5399.9	10	166.45	
# Drury_2017	5499.52	10	170.82	
# TG12	5549.6	10	172.63	
# Drury_2017	5599.83	10	174.43	
# Drury_2017	5699.84	10	179.81	
# TG20	5757	20	183	
# Drury_2017	5798.72	10	185.49	
# Drury_2017	5898	10	189.3	
# Drury_2017	5999.6	10	193.95	
# Drury_2017	6099.2	10	198.25	
# Drury_2017	6200.01	10	204.18	
# Drury_2017	6299	10	209.23	
# Event 4	6342	20	210.74	
# Drury_2017	6400.18	10	213.12	
# Drury_2017	6500.73	10	217.74	
# Drury_2017	6601.13	10	221.66	
# Drury_2017	6699.17	10	225.29	
# Drury_2017	6799.67	10	230.04	
# Drury_2017	6899.19	10	235.82	
# Drury_2017	6999.8	10	240.17	
# Drury_2017	7100.38	10	244.72	
# Event 3	7277.29	10	252.73	
# Drury_2017	7299.55	10	253.65	
# Drury_2017	7399.16	10	258.26	
# Drury_2017	7500.5	10	263.75	
# Drury_2017	7600.67	10	267.75	
# Drury_2017	7701.89	10	271.16	
# Drury_2017	7800.6	10	274.58	
# Drury_2017	7902	10	278.29	
# Drury_2017	8002.05	10	284.86	
# Drury_2017	8100.67	10	289.43	
# Drury_2017	8202.09	10	294.13	
# FO N acostaensis	10030	250	353.08	
# LO G mayeri	10300	250	353.08	
# FO B metzermachei	10535	250	361.08	
# FO B capsula	11050	250	398.08	
# LO C miopelagicus	10984	250	406.08	
# FO N acosaensis	11800	250	433.08	
# B compressispinosa	12300	250	446.08	
# LO P. mayeri	12150	250	449.67	
# B. badensensis	12600	250	465.58	
# P partimlabiata	12620	250	466.58	
# P. Siakensis	13220	250	475.08	
# LO C floridanus	13300	250	481.83	
# LO G. peripheronda	13400	250	497.08	
# LO S. herteromorphus	13580	250	500.93	
# FO D. hustedtii	14200	500	502.08	
# B reticulata	14500	250	518.08	
# FO O. suturalis	15100	250	529.08	
# FO B. reticulata	17500	250	564.43	
# LO S. belemnos	17960	250	592.58	
# FO S. heteromorphus	17750	250	594.08	
# 
#---------------------------------------
# Variables
# Data variables follow that are preceded by "##" in columns one and two.
# Variables list, one per line, shortname-tab-longname components (9 components: what, material, error, units, seasonality, archive, detail, method, C or N for Character or Numeric data)
## sitename	sample identification,,,,,paleoceanography,,,C,Site
## Hole	notes,,,,,paleoceanography,,,C,hole name
## core	notes,,,,,paleoceanography,,,C,core
## section	notes,,,,,paleoceanography,,,C,section
## cm_top	depth at sample end,,,centimeter,,paleoceanography,,,N,
## cm_base	depth at sample start,,,centimeter,,paleoceanography,,,N,
## depth_mbsf	depth,,,meter,,paleoceanography,,,N,shipboard meters below sea floor
## depth_mcd	depth,,,meter,,paleoceanography,,,N,composite depth 
## age_kaBP	age,,,calendar kiloyear before present,,paleoceanography,,,N,
## age_uncert_ka	age,,90% confidence interval margin of error,calendar kiloyear before present,,paleoceanography,,,N,
## Uk'37	alkenone unsaturation index,sediment,,dimensionless,,paleoceanography,,gas chromatography - flame ionization detection,N,GC-FID
## SST_P	sea surface temperature,alkenone unsaturation index,,degree Celsius,,climate reconstructions,,,N,SST calibration following F.G. Prahl et al., 1988; estimated
## SST_M	sea surface temperature,alkenone unsaturation index,,degree Celsius,,climate reconstructions,,,N,SST calibration following P.J. Muller et al. 1998; estimated
## SST_anom-M	sea surface temperature,alkenone unsaturation index,,degree Celsius,,climate reconstructions,anomalized,,N,SST anomaly relative to modern; Muller calibration
## SST_anom_back	sea surface temperature,alkenone unsaturation index,,degree Celsius,,climate reconstructions,anomalized,,N,SST anomaly relative to modern; backtraced for paleolatitude/longitude
#------------------------
# Data:
# Data lines follow (have no #)
# Data line format - tab-delimited text, variable short name as header
# Missing_Values: NaN
sitename	Hole	core	section	cm_top	cm_base	depth_mbsf	depth_mcd	age_kaBP	age_uncert_ka	Uk'37	SST_P	SST_M	SST_anom-M	SST_anom_back	
982	A	1	1	0	2	0	0	0	0.1	0.493	13.35	13.61	2.81	2.81	
982	A	1	1	7.5	9.5	0.075	0.075	0.075	0.9	0.475	12.82	13.06	2.26	2.26	
982	A	1	1	15	17	0.15	0.15	0.15	2.0	0.512	13.91	14.18	3.38	3.38	
982	A	1	1	22.5	24.5	0.225	0.225	0.225	3.2	0.523	14.24	14.52	3.72	3.72	
982	A	1	1	37.5	39.5	0.375	0.375	0.375	5.5	0.503	13.65	13.91	3.11	3.11	
982	A	1	1	45	47	0.45	0.45	0.45	6.9	0.526	14.32	14.61	3.81	3.81	
982	A	1	1	52.5	54.5	0.525	0.525	0.525	8.5	0.545	14.88	15.18	4.38	4.38	
982	A	1	1	60	62	0.6	0.6	0.6	10.4	0.548	14.97	15.27	4.47	4.47	
982	A	1	1	67.5	69.5	0.675	0.675	0.675	12.3	0.467	12.59	12.82	2.02	2.02	
982	A	1	1	75	77	0.75	0.75	0.75	14.6	0.464	12.50	12.73	1.93	1.93	
982	A	1	1	82.5	84.5	0.825	0.825	0.825	17.2	0.509	13.82	14.09	3.29	3.29	
982	A	1	1	90	92	0.9	0.9	0.9	20.5	0.477	12.88	13.12	2.32	2.32	
982	A	1	1	97.5	99.5	0.975	0.975	0.975	23.8	0.514	13.97	14.24	3.44	3.44	
982	A	1	1	105	107	1.05	1.05	1.05	27.2	0.475	12.82	13.06	2.26	2.26	
982	A	1	1	112.5	114.5	1.125	1.125	1.125	30.7	0.423	11.29	11.48	0.68	0.68	
982	A	1	1	120	122	1.2	1.2	1.2	34.3	0.365	9.59	9.73	-1.07	-1.07	
982	A	1	1	127.5	129.5	1.275	1.275	1.275	38.0	0.345	9.00	9.12	-1.68	-1.68	
982	A	1	1	135	137	1.35	1.35	1.35	41.6	0.375	9.88	10.03	-0.77	-0.77	
982	A	1	1	142.5	144.5	1.425	1.425	1.425	45.3	0.441	11.82	12.03	1.23	1.23	
982	A	1	2	0	2	1.5	1.5	1.5	48.9	0.360	9.44	9.58	-1.22	-1.22	
982	A	1	2	7.5	9.5	1.575	1.575	1.575	52.6	0.359	9.41	9.55	-1.25	-1.26	
982	A	1	2	15	17	1.65	1.65	1.65	56.2	0.335	8.71	8.82	-1.98	-1.98	
982	A	1	2	22.5	24.5	1.725	1.725	1.725	60.1	0.360	9.44	9.58	-1.22	-1.22	
982	A	1	2	30	32	1.8	1.8	1.8	64.6	0.440	11.79	12.00	1.20	1.20	
982	A	1	2	37.5	39.5	1.875	1.875	1.875	69.3	0.424	11.32	11.52	0.72	0.71	
982	A	1	2	45	47	1.95	1.95	1.95	74.2	0.480	12.97	13.21	2.41	2.41	
982	A	1	2	52.5	54.5	2.025	2.025	2.025	79.1	0.495	13.41	13.67	2.87	2.87	
982	A	1	2	60	62	2.1	2.1	2.1	83.9	0.490	13.26	13.52	2.72	2.71	
982	A	1	2	67.5	69.5	2.175	2.175	2.175	88.8	0.443	11.88	12.09	1.29	1.29	
982	A	1	2	75	77	2.25	2.25	2.25	93.0	0.459	12.35	12.58	1.78	1.77	
982	A	1	2	82.5	84.5	2.325	2.325	2.325	96.8	0.470	12.68	12.91	2.11	2.11	
982	A	1	2	90	92	2.4	2.4	2.4	100.5	0.480	12.97	13.21	2.41	2.41	
982	A	1	2	97.5	99.5	2.475	2.475	2.475	104.1	0.589	16.18	16.52	5.72	5.71	
982	A	1	2	105	107	2.55	2.55	2.55	107.8	0.536	14.62	14.91	4.11	4.11	
982	A	1	2	112.5	114.5	2.625	2.625	2.625	111.5	0.389	10.29	10.45	-0.35	-0.35	
982	A	1	2	120	122	2.7	2.7	2.7	115.4	0.591	16.24	16.58	5.78	5.77	
982	A	1	2	127.5	129.5	2.775	2.775	2.775	119.3	0.583	16.00	16.33	5.53	5.53	
982	A	1	2	135	137	2.85	2.85	2.85	123.2	0.536	14.62	14.91	4.11	4.11	
982	A	1	2	142.5	144.5	2.925	2.925	2.925	128.0	0.492	13.32	13.58	2.78	2.77	
982	A	1	3	0	2	3	3	3	135.1	0.521	14.18	14.45	3.65	3.65	
982	A	1	3	7.5	9.5	3.075	3.075	3.075	142.4	0.427	11.41	11.61	0.81	0.80	
982	A	1	3	15	17	3.15	3.15	3.15	149.7	0.378	9.97	10.12	-0.68	-0.68	
982	A	1	3	22.5	24.5	3.225	3.225	3.225	157.0	0.480	12.97	13.21	2.41	2.41	
982	A	1	3	30	32	3.3	3.3	3.3	163.9	0.427	11.41	11.61	0.81	0.80	
982	A	1	3	37.5	39.5	3.375	3.375	3.375	169.2	0.423	11.29	11.48	0.68	0.68	
982	A	1	3	45	47	3.45	3.45	3.45	173.7	0.423	11.29	11.48	0.68	0.68	
982	A	1	3	52.5	54.5	3.525	3.525	3.525	178.1	0.506	13.74	14.00	3.20	3.20	
982	A	1	3	60	62	3.6	3.6	3.6	182.2	0.434	11.62	11.82	1.02	1.02	
982	A	1	3	67.5	69.5	3.675	3.675	3.675	185.9	0.451	12.12	12.33	1.53	1.53	
982	A	1	3	75	77	3.75	3.75	3.75	189.5	0.432	11.56	11.76	0.96	0.96	
982	A	1	3	82.5	84.5	3.825	3.825	3.825	193.0	0.455	12.24	12.45	1.65	1.65	
982	A	1	3	90	92	3.9	3.9	3.9	196.2	0.457	12.29	12.52	1.72	1.71	
982	A	1	3	97.5	99.5	3.975	3.975	3.975	198.8	0.519	14.12	14.39	3.59	3.59	
982	A	1	3	105	107	4.05	4.05	4.05	201.3	0.508	13.79	14.06	3.26	3.26	
982	A	1	3	112.5	114.5	4.125	4.125	4.125	203.9	0.502	13.62	13.88	3.08	3.08	
982	A	1	3	120	122	4.2	4.2	4.2	206.4	0.536	14.62	14.91	4.11	4.11	
982	A	1	3	127.5	129.5	4.275	4.275	4.275	209.0	0.548	14.97	15.27	4.47	4.47	
982	A	1	3	135	137	4.35	4.35	4.35	211.9	0.496	13.44	13.70	2.90	2.90	
982	A	1	3	142.5	144.5	4.425	4.425	4.425	215.2	0.456	12.26	12.48	1.68	1.68	
982	A	1	4	0	2	4.5	4.5	4.5	218.5	0.505	13.71	13.97	3.17	3.17	
982	A	1	4	7.5	9.5	4.575	4.575	4.575	222.0	0.521	14.18	14.45	3.65	3.65	
982	A	1	4	15	17	4.65	4.65	4.65	225.5	0.528	14.38	14.67	3.87	3.86	
982	A	1	4	22.5	24.5	4.725	4.725	4.725	229.2	0.532	14.50	14.79	3.99	3.99	
982	A	1	4	30	32	4.8	4.8	4.8	233.0	0.422	11.26	11.45	0.65	0.65	
982	A	1	4	37.5	39.5	4.875	4.875	4.875	237.5	0.397	10.53	10.70	-0.10	-0.11	
982	A	1	4	45	47	4.95	4.95	4.95	243.4	0.359	9.41	9.55	-1.25	-1.26	
982	A	1	4	52.5	54.5	5.025	5.025	5.025	250.6	0.381	10.06	10.21	-0.59	-0.59	
982	A	1	4	60	62	5.1	5.1	5.1	257.9	0.363	9.53	9.67	-1.13	-1.14	
982	A	1	4	67.5	69.5	5.175	5.175	5.175	265.9	0.401	10.65	10.82	0.02	0.02	
982	A	1	4	75	77	5.25	5.25	5.25	274.6	0.433	11.59	11.79	0.99	0.99	
982	A	1	4	82.5	84.5	5.325	5.325	5.325	282.1	0.459	12.35	12.58	1.78	1.77	
982	A	1	4	90	92	5.4	5.4	5.4	286.9	0.413	11.00	11.18	0.38	0.38	
982	A	1	4	97.5	99.5	5.475	5.475	5.475	291.2	0.419	11.18	11.36	0.56	0.56	
982	A	1	4	105	107	5.55	5.55	5.55	295.0	0.420	11.21	11.39	0.59	0.59	
982	A	1	4	112.5	114.5	5.625	5.625	5.625	298.6	0.510	13.85	14.12	3.32	3.32	
982	A	1	4	120	122	5.7	5.7	5.7	302.1	0.454	12.21	12.42	1.62	1.62	
982	A	1	4	127.5	129.5	5.775	5.775	5.775	305.5	0.459	12.35	12.58	1.78	1.77	
982	A	1	4	135	137	5.85	5.85	5.85	308.1	0.451	12.12	12.33	1.53	1.53	
982	A	1	4	141.5	143.5	5.915	5.915	5.915	310.1	0.452	12.15	12.36	1.56	1.56	
982	A	1	5	0	2	6	6	6	312.9	0.480	12.97	13.21	2.41	2.41	
982	A	1	5	7.5	9.5	6.075	6.075	6.075	315.2	0.514	13.97	14.24	3.44	3.44	
982	A	1	5	15	17	6.15	6.15	6.15	317.3	0.520	14.15	14.42	3.62	3.62	
982	A	1	5	22.5	24.5	6.225	6.225	6.225	319.4	0.513	13.94	14.21	3.41	3.41	
982	A	1	5	30	32	6.3	6.3	6.3	321.2	0.527	14.35	14.64	3.84	3.83	
982	A	1	5	37.5	39.5	6.375	6.375	6.375	322.9	0.520	14.15	14.42	3.62	3.62	
982	A	1	5	45	47	6.45	6.45	6.45	324.7	0.534	14.56	14.85	4.05	4.05	
982	A	1	5	52.5	54.5	6.525	6.525	6.525	326.4	0.524	14.26	14.55	3.75	3.74	
982	A	1	5	60	62	6.6	6.6	6.6	328.2	0.545	14.88	15.18	4.38	4.38	
982	A	1	5	67.5	69.5	6.675	6.675	6.675	330.0	0.532	14.50	14.79	3.99	3.98	
982	A	1	5	75	77	6.75	6.75	6.75	332.1	0.576	15.79	16.12	5.32	5.32	
982	A	1	5	82.5	84.5	6.825	6.825	6.825	334.3	0.523	14.24	14.52	3.72	3.71	
982	A	1	5	90	92	6.9	6.9	6.9	336.7	0.451	12.12	12.33	1.53	1.53	
982	A	1	5	97.5	99.5	6.975	6.975	6.975	339.2	0.558	15.26	15.58	4.78	4.77	
982	A	1	5	105	107	7.05	7.05	7.05	342.2	0.399	10.59	10.76	-0.04	-0.05	
982	A	1	5	112.5	114.5	7.125	7.125	7.125	345.5	0.383	10.12	10.27	-0.53	-0.53	
982	A	1	5	120	122	7.2	7.2	7.2	348.9	0.412	10.97	11.15	0.35	0.35	
982	A	1	5	127.5	129.5	7.275	7.275	7.275	352.2	0.439	11.76	11.97	1.17	1.17	
982	A	1	5	135	137	7.35	7.35	7.35	355.5	0.392	10.38	10.55	-0.25	-0.26	
982	A	1	5	142.5	144.5	7.425	7.425	7.425	358.8	0.406	10.79	10.97	0.17	0.17	
982	A	1	6	0	2	7.5	7.5	7.5	362.2	0.449	12.06	12.27	1.47	1.47	
982	B	2	1	75	77	6.25	7.57	7.57	365.3	0.380	10.03	10.18	-0.62	-0.62	
982	A	1	6	7.5	9.5	7.575	7.575	7.575	365.5	0.379	10.00	10.15	-0.65	-0.65	
982	B	2	1	82.5	84.5	6.325	7.645	7.645	368.7	0.397	10.53	10.70	-0.10	-0.11	
982	A	1	6	15	17	7.65	7.65	7.65	368.9	0.396	10.50	10.67	-0.13	-0.14	
982	A	1	6	22.5	24.5	7.725	7.725	7.725	372.1	0.423	11.29	11.48	0.68	0.68	
982	B	2	1	97.5	99.5	6.475	7.795	7.795	374.9	0.423	11.29	11.48	0.68	0.68	
982	B	2	1	105	107	6.55	7.875	7.875	377.6	0.462	12.44	12.67	1.87	1.86	
982	B	2	1	112.5	114.5	6.625	7.945	7.945	380.0	0.426	11.38	11.58	0.78	0.77	
982	B	2	1	120	122	6.7	8.02	8.02	382.4	0.463	12.47	12.70	1.90	1.89	
982	B	2	1	127.5	129.5	6.775	8.095	8.095	384.9	0.460	12.38	12.61	1.81	1.80	
982	B	2	1	135	137	6.85	8.17	8.17	387.2	0.474	12.79	13.03	2.23	2.23	
982	B	2	1	142.5	144.5	6.925	8.245	8.245	389.6	0.503	13.65	13.91	3.11	3.11	
982	B	2	2	0	2	7	8.32	8.32	391.7	0.570	15.62	15.94	5.14	5.14	
982	B	2	2	7.5	9.5	7.075	8.395	8.395	393.8	0.550	15.03	15.33	4.53	4.53	
982	B	2	2	15	17	7.15	8.47	8.47	395.6	0.501	13.59	13.85	3.05	3.04	
982	B	2	2	22.5	24.5	7.225	8.545	8.545	397.0	0.550	15.03	15.33	4.53	4.53	
982	B	2	2	30	32	7.3	8.62	8.62	398.5	0.551	15.06	15.36	4.56	4.56	
982	B	2	2	37.5	39.5	7.375	8.695	8.695	399.9	0.554	15.15	15.45	4.65	4.65	
982	B	2	2	45	47	7.45	8.77	8.77	401.3	0.562	15.38	15.70	4.90	4.89	
982	B	2	2	52.5	54.5	7.525	8.845	8.845	402.5	0.558	15.26	15.58	4.78	4.77	
982	B	2	2	60	62	7.6	8.92	8.92	403.7	0.558	15.26	15.58	4.78	4.77	
982	B	2	2	67.5	69.5	7.675	8.995	8.995	404.8	0.567	15.53	15.85	5.05	5.04	
982	B	2	2	75	77	7.75	9.07	9.07	406.0	0.557	15.24	15.55	4.75	4.74	
982	B	2	2	82.5	84.5	7.825	9.145	9.145	407.1	0.560	15.32	15.64	4.84	4.83	
982	B	2	2	90	92	7.9	9.22	9.22	408.3	0.536	14.62	14.91	4.11	4.11	
982	B	2	2	97.5	99.5	7.975	9.295	9.295	409.5	0.533	14.53	14.82	4.02	4.01	
982	B	2	2	105	107	8.05	9.37	9.37	410.6	0.517	14.06	14.33	3.53	3.53	
982	B	2	2	112.5	114.5	8.125	9.445	9.445	411.8	0.524	14.26	14.55	3.75	3.74	
982	B	2	2	120	122	8.2	9.52	9.52	412.9	0.544	14.85	15.15	4.35	4.35	
982	B	2	2	127.5	129.5	8.275	9.595	9.595	414.1	0.550	15.03	15.33	4.53	4.53	
982	B	2	3	0	2	8.5	9.82	9.82	418.6	0.532	14.50	14.79	3.99	3.98	
982	B	2	3	25	27	8.75	10.07	10.07	424.9	0.489	13.24	13.48	2.68	2.68	
982	B	2	3	50	52	9	10.32	10.32	432.8	0.486	13.15	13.39	2.59	2.59	
982	B	2	3	75	77	9.25	10.57	10.57	443.8	0.465	12.53	12.76	1.96	1.95	
982	B	2	3	100	102	9.5	10.82	10.82	454.2	0.400	10.62	10.79	-0.01	-0.02	
982	B	2	3	125	127	9.75	11.07	11.07	463.0	0.391	10.35	10.52	-0.28	-0.29	
982	B	2	4	0	2	10	11.32	11.32	470.9	0.437	11.71	11.91	1.11	1.10	
982	B	2	4	25	27	10.25	11.57	11.57	478.0	0.457	12.29	12.52	1.72	1.71	
982	B	2	4	50	52	10.5	11.82	11.82	483.9	0.433	11.59	11.79	0.99	0.98	
982	B	2	4	75	77	10.75	12.07	12.07	489.7	0.487	13.18	13.42	2.62	2.62	
982	B	2	4	100	102	11	12.32	12.32	495.6	0.503	13.65	13.91	3.11	3.10	
982	B	2	4	125	127	11.25	12.57	12.57	501.4	0.501	13.59	13.85	3.05	3.04	
982	B	2	5	0	2	11.5	12.82	12.82	507.2	0.479	12.94	13.18	2.38	2.38	
982	B	2	5	25	27	11.75	13.07	13.07	513.1	0.437	11.71	11.91	1.11	1.10	
982	B	2	5	50	52	12	13.32	13.32	518.9	0.458	12.32	12.55	1.75	1.74	
982	B	2	5	75	77	12.25	13.57	13.57	524.8	0.490	13.26	13.52	2.72	2.71	
982	B	2	5	100	102	12.5	13.82	13.82	530.7	0.466	12.56	12.79	1.99	1.98	
982	B	2	5	125	127	12.75	14.07	14.07	536.5	0.388	10.26	10.42	-0.38	-0.38	
982	B	2	6	0	2	13	14.32	14.32	541.0	0.396	10.50	10.67	-0.13	-0.14	
982	B	2	6	25	27	13.25	14.57	14.57	546.6	0.379	10.00	10.15	-0.65	-0.65	
982	B	2	6	50	52	13.5	14.82	14.82	555.1	0.472	12.74	12.97	2.17	2.16	
982	B	2	6	75	77	13.75	15.07	15.07	571.6	0.468	12.62	12.85	2.05	2.04	
982	B	2	6	100	102	14	15.32	15.32	586.7	0.518	14.09	14.36	3.56	3.56	
982	B	2	6	125	127	14.25	15.57	15.57	597.3	0.502	13.62	13.88	3.08	3.07	
982	B	2	7	0	2	14.5	15.82	15.82	609.7	0.529	14.41	14.70	3.90	3.89	
982	C	3	2	125	127	16.05	16.01	16.01	620.8	0.483	13.06	13.30	2.50	2.50	
982	C	3	3	0	2	16.28	16.26	16.26	629.7	0.453	12.18	12.39	1.59	1.59	
982	C	3	3	25	27	16.53	16.51	16.51	633.8	0.440	11.79	12.00	1.20	1.19	
982	C	3	3	50	52	16.78	16.76	16.76	639.7	0.448	12.03	12.24	1.44	1.44	
982	C	3	3	75	77	17.03	17.01	17.01	646.9	0.445	11.94	12.15	1.35	1.35	
982	C	3	3	100	102	17.28	17.26	17.26	654.3	0.422	11.26	11.45	0.65	0.65	
982	C	3	3	125	127	17.53	17.51	17.51	666.5	0.467	12.59	12.82	2.02	2.01	
982	C	3	4	0	2	17.78	17.76	17.76	684.3	0.424	11.32	11.52	0.72	0.71	
982	C	3	4	25	27	18.03	18.01	18.01	696.0	0.462	12.44	12.67	1.87	1.86	
982	C	3	4	50	52	18.28	18.26	18.26	703.7	0.522	14.21	14.48	3.68	3.68	
982	C	3	4	75	77	18.53	18.51	18.51	710.4	0.515	14.00	14.27	3.47	3.47	
982	B	3	2	0	2	16.5	18.67	18.67	715.0	0.447	12.00	12.21	1.41	1.41	
982	B	3	2	25	27	16.75	18.92	18.92	727.6	0.472	12.74	12.97	2.17	2.16	
982	B	3	2	50	52	17	19.17	19.17	746.0	0.451	12.12	12.33	1.53	1.53	
982	B	3	2	75	77	17.25	19.42	19.42	763.5	0.470	12.68	12.91	2.11	2.10	
982	B	3	2	100	102	17.5	19.67	19.67	773.5	0.492	13.32	13.58	2.78	2.77	
982	B	3	2	125	127	17.75	19.92	19.92	780.0	0.520	14.15	14.42	3.62	3.62	
982	B	3	3	0	2	18	20.17	20.17	785.4	0.499	13.53	13.79	2.99	2.98	
982	B	3	3	25	27	18.25	20.42	20.42	794.9	0.338	8.79	8.91	-1.89	-1.90	
982	B	3	3	50	52	18.5	20.67	20.67	811.2	0.434	11.62	11.82	1.02	1.01	
982	B	3	3	75	77	18.75	20.92	20.92	821.6	0.445	11.94	12.15	1.35	1.34	
982	B	3	3	100	102	19	21.17	21.17	828.5	0.528	14.38	14.67	3.87	3.86	
982	B	3	3	125	127	19.25	21.42	21.42	835.8	0.497	13.47	13.73	2.93	2.92	
982	B	3	4	0	2	19.5	21.67	21.67	843.4	0.486	13.15	13.39	2.59	2.59	
982	B	3	4	25	27	19.75	21.92	21.92	848.9	0.458	12.32	12.55	1.75	1.74	
982	B	3	4	50	52	20	22.17	22.17	855.0	0.563	15.41	15.73	4.93	4.92	
982	B	3	4	75	77	20.25	22.42	22.42	863.2	0.510	13.85	14.12	3.32	3.31	
982	B	3	4	100	102	20.5	22.67	22.67	875.6	0.478	12.91	13.15	2.35	2.34	
982	B	3	4	125	127	20.75	22.92	22.92	889.4	0.527	14.35	14.64	3.84	3.83	
982	B	3	5	0	2	21	23.17	23.17	900.7	0.453	12.18	12.39	1.59	1.59	
982	B	3	5	25	27	21.25	23.42	23.42	910.7	0.410	10.91	11.09	0.29	0.28	
982	B	3	5	50	52	21.5	23.67	23.67	924.6	0.377	9.94	10.09	-0.71	-0.72	
982	B	3	5	75	77	21.75	23.92	23.92	939.1	0.428	11.44	11.64	0.84	0.83	
982	B	3	5	100	102	22	24.17	24.17	948.1	0.508	13.79	14.06	3.26	3.25	
982	B	3	5	125	127	22.25	24.42	24.42	956.2	0.557	15.24	15.55	4.75	4.74	
982	D	1	2	125	127	22.68	24.61	24.61	963.0	0.424	11.32	11.52	0.72	0.71	
982	D	1	3	0	2	22.93	24.86	24.86	975.3	0.427	11.41	11.61	0.81	0.80	
982	D	1	3	25	27	23.18	25.11	25.11	991.5	0.458	12.32	12.55	1.75	1.74	
982	D	1	3	50	52	23.43	25.36	25.36	1006.4	0.439	11.76	11.97	1.17	1.16	
982	D	1	3	75	77	23.68	25.61	25.61	1017.8	0.441	11.82	12.03	1.23	1.22	
982	D	1	3	100	102	23.93	25.86	25.86	1026.9	0.479	12.94	13.18	2.38	2.37	
982	D	1	3	125	127	24.18	26.11	26.11	1034.2	0.498	13.50	13.76	2.96	2.95	
982	D	1	4	0	2	24.43	26.36	26.36	1039.3	0.426	11.38	11.58	0.78	0.77	
982	D	1	4	25	27	24.68	26.61	26.61	1044.7	0.500	13.56	13.82	3.02	3.01	
982	D	1	4	50	52	24.93	26.86	26.86	1050.1	0.541	14.76	15.06	4.26	4.25	
982	D	1	4	75	77	25.18	27.11	27.11	1055.4	0.537	14.65	14.94	4.14	4.13	
982	D	1	4	100	102	25.43	27.36	27.36	1063.0	0.484	13.09	13.33	2.53	2.52	
982	D	1	4	125	127	25.68	27.61	27.61	1086.1	0.392	10.38	10.55	-0.25	-0.26	
982	D	1	5	0	2	25.93	27.86	27.86	1106.2	0.455	12.24	12.45	1.65	1.64	
982	B	4	1	75	77	25.25	28.32	28.32	1135.2	0.457	12.29	12.52	1.72	1.70	
982	B	4	1	100	102	25.5	28.57	28.57	1149.0	0.547	14.94	15.24	4.44	4.43	
982	B	4	1	125	127	25.75	28.82	28.82	1166.5	0.571	15.65	15.97	5.17	5.16	
982	B	4	2	0	2	26	29.07	29.07	1185.5	0.579	15.88	16.21	5.41	5.40	
982	B	4	2	25	27	26.25	29.32	29.32	1207.8	0.508	13.79	14.06	3.26	3.25	
982	B	4	2	50	52	26.5	29.57	29.57	1227.4	0.538	14.68	14.97	4.17	4.16	
982	B	4	2	75	77	26.75	29.82	29.82	1242.3	0.553	15.12	15.42	4.62	4.61	
982	B	4	2	100	102	27	30.07	30.07	1252.3	0.445	11.94	12.15	1.35	1.34	
982	B	4	2	105	107	27.05	30.12	30.12	1256.0	0.425	11.35	11.55	0.75	0.73	
982	B	4	2	110	112	27.1	30.17	30.17	1261.1	0.438	11.74	11.94	1.14	1.13	
982	B	4	2	115	117	27.15	30.22	30.22	1267.3	0.422	11.26	11.45	0.65	0.64	
982	B	4	2	120	122	27.2	30.27	30.27	1273.6	0.477	12.88	13.12	2.32	2.31	
982	B	4	2	125	127	27.25	30.32	30.32	1279.7	0.479	12.94	13.18	2.38	2.37	
982	B	4	2	130	132	27.3	30.37	30.37	1285.4	0.515	14.00	14.27	3.47	3.46	
982	B	4	2	135	137	27.35	30.42	30.42	1289.8	0.493	13.35	13.61	2.81	2.79	
982	B	4	2	140	142	27.4	30.47	30.47	1293.1	0.505	13.71	13.97	3.17	3.16	
982	B	4	2	145	147	27.45	30.52	30.52	1295.5	0.503	13.65	13.91	3.11	3.10	
982	B	4	3	0	2	27.5	30.57	30.57	1297.4	0.489	13.24	13.48	2.68	2.67	
982	B	4	3	5	7	27.55	30.62	30.62	1299.2	0.444	11.91	12.12	1.32	1.31	
982	B	4	3	10	12	27.6	30.67	30.67	1301.1	0.428	11.44	11.64	0.84	0.82	
982	B	4	3	15	17	27.66	30.72	30.72	1303.2	0.470	12.68	12.91	2.11	2.10	
982	B	4	3	20	22	27.7	30.77	30.77	1305.5	0.507	13.76	14.03	3.23	3.22	
982	B	4	3	25	27	27.75	30.82	30.82	1307.9	0.519	14.12	14.39	3.59	3.58	
982	B	4	3	30	32	27.8	30.87	30.87	1310.6	0.528	14.38	14.67	3.87	3.85	
982	B	4	3	35	37	27.85	30.92	30.92	1313.5	0.560	15.32	15.64	4.84	4.82	
982	B	4	3	40	42	27.9	30.97	30.97	1316.4	0.588	16.15	16.48	5.68	5.67	
982	B	4	3	45	47	27.95	31.02	31.02	1319.6	0.585	16.06	16.39	5.59	5.58	
982	B	4	3	50	52	28	31.07	31.07	1322.8	0.575	15.76	16.09	5.29	5.28	
982	B	4	3	55	57	28.05	31.12	31.12	1326.0	0.541	14.76	15.06	4.26	4.25	
982	B	4	3	60	62	28.1	31.17	31.17	1329.2	0.537	14.65	14.94	4.14	4.13	
982	B	4	3	65	67	28.15	31.22	31.22	1332.4	0.552	15.09	15.39	4.59	4.58	
982	B	4	3	70	72	28.2	31.27	31.27	1335.5	0.526	14.32	14.61	3.81	3.79	
982	B	4	3	75	77	28.25	31.32	31.32	1338.6	0.520	14.15	14.42	3.62	3.61	
982	B	4	3	80	82	28.3	31.37	31.37	1341.5	0.514	13.97	14.24	3.44	3.43	
982	B	4	3	85	87	28.35	31.42	31.42	1344.6	0.483	13.06	13.30	2.50	2.49	
982	B	4	3	90	92	28.4	31.47	31.47	1348.2	0.491	13.29	13.55	2.75	2.73	
982	B	4	3	95	97	28.45	31.52	31.52	1351.7	0.512	13.91	14.18	3.38	3.37	
982	B	4	3	100	102	28.5	31.57	31.57	1355.3	0.546	14.91	15.21	4.41	4.40	
982	B	4	3	105	107	28.55	31.62	31.62	1358.7	0.572	15.68	16.00	5.20	5.19	
982	B	4	3	110	112	28.6	31.67	31.67	1361.8	0.570	15.62	15.94	5.14	5.13	
982	B	4	3	115	117	28.65	31.72	31.72	1364.5	0.570	15.62	15.94	5.14	5.13	
982	B	4	3	120	122	28.7	31.77	31.77	1366.9	0.517	14.06	14.33	3.53	3.52	
982	B	4	3	125	127	28.75	31.82	31.82	1369.3	0.551	15.06	15.36	4.56	4.55	
982	B	4	3	130	132	28.8	31.87	31.87	1371.7	0.487	13.18	13.42	2.62	2.61	
982	B	4	3	135	137	28.85	31.92	31.92	1374.3	0.440	11.79	12.00	1.20	1.19	
982	B	4	3	140	142	28.9	31.97	31.97	1377.3	0.410	10.91	11.09	0.29	0.28	
982	B	4	3	145	147	28.95	32.02	32.02	1380.2	0.453	12.18	12.39	1.59	1.58	
982	B	4	4	0	2	29	32.07	32.07	1383.3	0.433	11.59	11.79	0.99	0.98	
982	B	4	4	5	7	29.05	32.12	32.12	1386.8	0.454	12.21	12.42	1.62	1.61	
982	B	4	4	10	12	29.1	32.17	32.17	1391.3	0.478	12.91	13.15	2.35	2.34	
982	B	4	4	15	17	29.15	32.22	32.22	1396.1	0.493	13.35	13.61	2.81	2.79	
982	B	4	4	20	22	29.2	32.27	32.27	1400.6	0.545	14.88	15.18	4.38	4.37	
982	B	4	4	25	27	29.25	32.32	32.32	1405.0	0.546	14.91	15.21	4.41	4.40	
982	B	4	4	30	32	29.3	32.37	32.37	1409.1	0.483	13.06	13.30	2.50	2.49	
982	B	4	4	35	37	29.35	32.42	32.42	1412.0	0.476	12.85	13.09	2.29	2.28	
982	B	4	4	40	42	29.4	32.47	32.47	1414.3	0.525	14.29	14.58	3.78	3.76	
982	B	4	4	45	47	29.45	32.52	32.52	1416.2	0.496	13.44	13.70	2.90	2.88	
982	B	4	4	50	52	29.5	32.57	32.57	1417.8	0.600	16.50	16.85	6.05	6.04	
982	B	4	4	55	57	29.55	32.62	32.62	1419.4	0.522	14.21	14.48	3.68	3.67	
982	B	4	4	60	62	29.6	32.67	32.67	1420.8	0.444	11.91	12.12	1.32	1.31	
982	B	4	4	65	67	29.65	32.72	32.72	1422.2	0.412	10.97	11.15	0.35	0.34	
982	B	4	4	70	72	29.7	32.77	32.77	1423.6	0.427	11.41	11.61	0.81	0.79	
982	B	4	4	75	77	29.75	32.82	32.82	1425.1	0.491	13.29	13.55	2.75	2.73	
982	B	4	4	80	82	29.8	32.87	32.87	1426.6	0.507	13.76	14.03	3.23	3.22	
982	B	4	4	85	87	29.85	32.92	32.92	1428.1	0.527	14.35	14.64	3.84	3.82	
982	B	4	4	90	92	29.9	32.97	32.97	1429.4	0.496	13.44	13.70	2.90	2.88	
982	B	4	4	95	97	29.95	33.02	33.02	1430.5	0.503	13.65	13.91	3.11	3.10	
982	B	4	4	100	102	30	33.07	33.07	1431.5	0.509	13.82	14.09	3.29	3.28	
982	B	4	4	105	107	30.05	33.12	33.12	1432.5	0.504	13.68	13.94	3.14	3.13	
982	B	4	4	110	112	30.1	33.17	33.17	1433.6	0.506	13.74	14.00	3.20	3.19	
982	B	4	4	115	117	30.15	33.22	33.22	1434.6	0.499	13.53	13.79	2.99	2.97	
982	B	4	4	120	122	30.2	33.27	33.27	1435.6	0.496	13.44	13.70	2.90	2.88	
982	B	4	4	125	127	30.25	33.32	33.32	1436.7	0.510	13.85	14.12	3.32	3.31	
982	B	4	4	130	132	30.3	33.37	33.37	1437.7	0.513	13.94	14.21	3.41	3.40	
982	B	4	4	135	137	30.35	33.42	33.42	1438.7	0.508	13.79	14.06	3.26	3.25	
982	B	4	4	140	142	30.4	33.47	33.47	1439.7	0.475	12.82	13.06	2.26	2.25	
982	B	4	4	145	147	30.45	33.52	33.52	1440.8	0.505	13.71	13.97	3.17	3.16	
982	B	4	5	0	2	30.5	33.59	33.59	1442.2	0.491	13.29	13.55	2.75	2.73	
982	B	4	5	5	7	30.55	33.64	33.64	1443.3	0.484	13.09	13.33	2.53	2.52	
982	B	4	5	10	12	30.6	33.69	33.69	1444.3	0.474	12.79	13.03	2.23	2.22	
982	B	4	5	15	17	30.65	33.74	33.74	1445.5	0.491	13.29	13.55	2.75	2.73	
982	B	4	5	20	22	30.7	33.79	33.79	1446.7	0.503	13.65	13.91	3.11	3.10	
982	B	4	5	25	27	30.75	33.84	33.84	1448.4	0.500	13.56	13.82	3.02	3.01	
982	B	4	5	30	32	30.8	33.89	33.89	1450.1	0.504	13.68	13.94	3.14	3.13	
982	B	4	5	35	37	30.85	33.94	33.94	1452.2	0.501	13.59	13.85	3.05	3.04	
982	B	4	5	40	42	30.9	33.99	33.99	1455.5	0.445	11.94	12.15	1.35	1.34	
982	B	4	5	45	47	30.95	34.04	34.04	1459.2	0.449	12.06	12.27	1.47	1.46	
982	B	4	5	50	52	31	34.09	34.09	1463.1	0.446	11.97	12.18	1.38	1.37	
982	B	4	5	55	57	31.05	34.14	34.14	1467.3	0.479	12.94	13.18	2.38	2.37	
982	B	4	5	60	62	31.1	34.19	34.19	1471.6	0.469	12.65	12.88	2.08	2.07	
982	B	4	5	65	67	31.15	34.24	34.24	1475.9	0.486	13.15	13.39	2.59	2.58	
982	B	4	5	70	72	31.2	34.29	34.29	1480.4	0.551	15.06	15.36	4.56	4.55	
982	B	4	5	80	82	31.3	34.39	34.39	1488.3	0.591	16.24	16.58	5.78	5.76	
982	B	4	5	85	87	31.35	34.44	34.44	1491.6	0.589	16.18	16.52	5.72	5.70	
982	B	4	5	90	92	31.4	34.49	34.49	1494.6	0.601	16.53	16.88	6.08	6.07	
982	B	4	5	95	97	31.45	34.54	34.54	1497.4	0.582	15.97	16.30	5.50	5.49	
982	B	4	5	100	102	31.5	34.59	34.59	1500.2	0.569	15.59	15.91	5.11	5.10	
982	B	4	5	105	107	31.55	34.64	34.64	1503.0	0.577	15.82	16.15	5.35	5.34	
982	B	4	5	110	112	31.6	34.69	34.69	1505.8	0.542	14.79	15.09	4.29	4.28	
982	B	4	5	115	117	31.65	34.74	34.74	1508.6	0.568	15.56	15.88	5.08	5.07	
982	B	4	5	120	122	31.7	34.79	34.79	1511.4	0.545	14.88	15.18	4.38	4.37	
982	B	4	5	125	127	31.75	34.84	34.84	1514.5	0.553	15.12	15.42	4.62	4.61	
982	B	4	5	130	132	31.8	34.89	34.89	1517.6	0.539	14.71	15.00	4.20	4.19	
982	B	4	5	135	137	31.85	34.94	34.94	1520.7	0.595	16.35	16.70	5.90	5.88	
982	B	4	5	145	147	31.95	35.04	35.04	1525.9	0.596	16.38	16.73	5.93	5.91	
982	B	4	6	0	2	32	35.09	35.09	1527.9	0.559	15.29	15.61	4.81	4.79	
982	B	4	6	5	7	32.05	35.14	35.14	1529.8	0.511	13.88	14.15	3.35	3.34	
982	B	4	6	10	12	32.1	35.19	35.19	1531.7	0.540	14.74	15.03	4.23	4.22	
982	B	4	6	15	17	32.15	35.24	35.24	1533.6	0.428	11.44	11.64	0.84	0.82	
982	B	4	6	20	22	32.2	35.29	35.29	1535.5	0.456	12.26	12.48	1.68	1.67	
982	B	4	6	25	27	32.25	35.34	35.34	1537.4	0.390	10.32	10.48	-0.32	-0.33	
982	B	4	6	30	32	32.3	35.39	35.39	1539.4	0.462	12.44	12.67	1.87	1.85	
982	B	4	6	35	37	32.35	35.44	35.44	1541.7	0.540	14.74	15.03	4.23	4.22	
982	C	5	1	0	2	32.3	35.57	35.57	1548.1	0.377	9.94	10.09	-0.71	-0.72	
982	C	5	1	5	7	32.35	35.62	35.62	1550.9	0.448	12.03	12.24	1.44	1.43	
982	C	5	1	10	12	32.4	35.67	35.67	1553.8	0.446	11.97	12.18	1.38	1.37	
982	C	5	1	15	17	32.45	35.72	35.72	1556.8	0.450	12.09	12.30	1.50	1.49	
982	C	5	1	20	22	32.5	35.77	35.77	1559.9	0.494	13.38	13.64	2.84	2.82	
982	C	5	1	25	27	32.55	35.82	35.82	1563.1	0.509	13.82	14.09	3.29	3.28	
982	C	5	1	30	32	32.6	35.87	35.87	1566.6	0.515	14.00	14.27	3.47	3.46	
982	C	5	1	35	37	32.65	35.92	35.92	1570.0	0.513	13.94	14.21	3.41	3.40	
982	C	5	1	40	42	32.72	35.97	35.97	1573.4	0.532	14.50	14.79	3.99	3.97	
982	C	5	1	45	47	32.75	36.02	36.02	1576.8	0.498	13.50	13.76	2.96	2.94	
982	C	5	1	50	52	32.8	36.07	36.07	1580.1	0.454	12.21	12.42	1.62	1.61	
982	C	5	1	55	57	32.85	36.12	36.12	1583.2	0.428	11.44	11.64	0.84	0.82	
982	C	5	1	60	62	32.9	36.17	36.17	1586.2	0.401	10.65	10.82	0.02	0.00	
982	C	5	1	65	67	32.95	36.22	36.22	1589.1	0.400	10.62	10.79	-0.01	-0.03	
982	C	5	1	70	72	33	36.27	36.27	1592.0	0.380	10.03	10.18	-0.62	-0.63	
982	C	5	1	75	77	33.05	36.32	36.32	1594.6	0.397	10.53	10.70	-0.10	-0.12	
982	C	5	1	80	82	33.1	36.37	36.37	1597.1	0.378	9.97	10.12	-0.68	-0.69	
982	C	5	1	85	87	33.15	36.42	36.42	1599.4	0.473	12.76	13.00	2.20	2.19	
982	C	5	1	95	97	33.25	36.52	36.52	1604.2	0.569	15.59	15.91	5.11	5.09	
982	C	5	1	100	102	33.3	36.57	36.57	1606.5	0.528	14.38	14.67	3.87	3.85	
982	C	5	1	105	107	33.35	36.62	36.62	1608.9	0.550	15.03	15.33	4.53	4.52	
982	C	5	1	110	112	33.4	36.67	36.67	1611.3	0.539	14.71	15.00	4.20	4.19	
982	C	5	1	115	117	33.45	36.72	36.72	1613.6	0.503	13.65	13.91	3.11	3.09	
982	C	5	1	120	122	33.5	36.77	36.77	1616.0	0.449	12.06	12.27	1.47	1.46	
982	C	5	1	125	127	33.55	36.82	36.82	1618.3	0.429	11.47	11.67	0.87	0.85	
982	C	5	1	130	132	33.6	36.87	36.87	1620.7	0.452	12.15	12.36	1.56	1.55	
982	C	5	1	135	137	33.65	36.92	36.92	1623.1	0.522	14.21	14.48	3.68	3.67	
982	C	5	1	140	142	33.7	36.97	36.97	1625.4	0.493	13.35	13.61	2.81	2.79	
982	C	5	1	145	147	33.75	37.02	37.02	1627.8	0.469	12.65	12.88	2.08	2.06	
982	C	5	2	0	2	33.8	37.07	37.07	1630.2	0.504	13.68	13.94	3.14	3.12	
982	C	5	2	5	7	33.85	37.12	37.12	1632.6	0.508	13.79	14.06	3.26	3.25	
982	C	5	2	10	12	33.9	37.17	37.17	1634.9	0.540	14.74	15.03	4.23	4.22	
982	C	5	2	15	17	33.95	37.22	37.22	1636.8	0.553	15.12	15.42	4.62	4.61	
982	C	5	2	20	22	34	37.27	37.27	1638.8	0.547	14.94	15.24	4.44	4.43	
982	C	5	2	25	27	34.05	37.32	37.32	1640.7	0.577	15.82	16.15	5.35	5.34	
982	C	5	2	30	32	34.1	37.37	37.37	1642.9	0.567	15.53	15.85	5.05	5.03	
982	C	5	2	35	37	34.15	37.42	37.42	1645.3	0.560	15.32	15.64	4.84	4.82	
982	C	5	2	40	42	34.2	37.47	37.47	1648.2	0.529	14.41	14.70	3.90	3.88	
982	C	5	2	45	47	34.25	37.52	37.52	1651.2	0.567	15.53	15.85	5.05	5.03	
982	C	5	2	50	52	34.3	37.57	37.57	1654.2	0.529	14.41	14.70	3.90	3.88	
982	C	5	2	55	57	34.35	37.62	37.62	1657.1	0.483	13.06	13.30	2.50	2.49	
982	C	5	2	60	62	34.4	37.67	37.67	1660.1	0.523	14.24	14.52	3.72	3.70	
982	C	5	2	65	67	34.45	37.72	37.72	1663.0	0.476	12.85	13.09	2.29	2.28	
982	C	5	2	70	72	34.5	37.77	37.77	1665.5	0.477	12.88	13.12	2.32	2.31	
982	C	5	2	75	77	34.55	37.82	37.82	1667.8	0.494	13.38	13.64	2.84	2.82	
982	C	5	2	80	82	34.6	37.87	37.87	1670.4	0.507	13.76	14.03	3.23	3.22	
982	C	5	2	85	87	34.65	37.92	37.92	1673.0	0.506	13.74	14.00	3.20	3.18	
982	C	5	2	90	92	34.7	37.97	37.97	1675.6	0.552	15.09	15.39	4.59	4.58	
982	C	5	2	100	102	34.8	38.07	38.07	1679.8	0.550	15.03	15.33	4.53	4.52	
982	C	5	2	105	107	34.85	38.12	38.12	1681.9	0.539	14.71	15.00	4.20	4.18	
982	C	5	2	110	112	34.9	38.17	38.17	1684.0	0.542	14.79	15.09	4.29	4.28	
982	C	5	2	115	117	34.95	38.22	38.22	1685.8	0.535	14.59	14.88	4.08	4.06	
982	C	5	2	120	122	35	38.27	38.27	1687.6	0.514	13.97	14.24	3.44	3.43	
982	C	5	2	140	142	35.2	38.47	38.47	1693.5	0.460	12.38	12.61	1.81	1.79	
982	C	5	3	10	12	35.4	38.67	38.67	1698.6	0.400	10.62	10.79	-0.01	-0.03	
982	C	5	3	30	32	35.6	38.87	38.87	1702.5	0.461	12.41	12.64	1.84	1.82	
982	C	5	3	50	52	35.8	39.07	39.07	1706.5	0.528	14.38	14.67	3.87	3.85	
982	B	5	1	110	112	35.1	39.19	39.19	1708.9	0.520	14.15	14.42	3.62	3.61	
982	B	5	1	130	132	35.3	39.39	39.39	1712.8	0.565	15.47	15.79	4.99	4.97	
982	B	5	2	0	2	35.5	39.59	39.59	1717.8	0.511	13.88	14.15	3.35	3.34	
982	B	5	2	20	22	35.7	39.79	39.79	1723.7	0.565	15.47	15.79	4.99	4.97	
982	B	5	2	40	42	35.9	39.99	39.99	1730.5	0.554	15.15	15.45	4.65	4.64	
982	B	5	2	60	62	36.1	40.19	40.19	1737.9	0.543	14.82	15.12	4.32	4.31	
982	B	5	2	80	82	36.3	40.39	40.39	1749.4	0.440	11.79	12.00	1.20	1.18	
982	B	5	2	100	102	36.5	40.59	40.59	1760.5	0.428	11.44	11.64	0.84	0.82	
982	B	5	2	120	122	36.7	40.79	40.79	1769.1	0.552	15.09	15.39	4.59	4.58	
982	B	5	2	140	142	36.9	40.99	40.99	1779.5	0.556	15.21	15.52	4.72	4.70	
982	B	5	3	10	12	37.1	41.19	41.19	1791.8	0.477	12.88	13.12	2.32	2.30	
982	B	5	3	30	32	37.3	41.39	41.39	1805.6	0.505	13.71	13.97	3.17	3.15	
982	B	5	3	50	52	37.5	41.59	41.59	1818.0	0.517	14.06	14.33	3.53	3.52	
982	B	5	3	70	72	37.7	41.79	41.79	1827.6	0.563	15.41	15.73	4.93	4.91	
982	B	5	3	90	92	37.9	41.99	41.99	1835.9	0.561	15.35	15.67	4.87	4.85	
982	B	5	3	110	112	38.1	42.19	42.19	1846.0	0.577	15.82	16.15	5.35	5.33	
982	B	5	3	130	132	38.3	42.39	42.39	1858.9	0.448	12.03	12.24	1.44	1.43	
982	B	5	4	0	2	38.5	42.59	42.59	1874.7	0.466	12.56	12.79	1.99	1.97	
982	B	5	4	20	22	38.7	42.79	42.79	1892.8	0.531	14.47	14.76	3.96	3.94	
982	B	5	4	40	42	38.9	42.99	42.99	1912.0	0.527	14.35	14.64	3.84	3.82	
982	B	5	4	60	62	39.1	43.19	43.19	1926.4	0.570	15.62	15.94	5.14	5.12	
982	B	5	4	80	82	39.3	43.39	43.39	1940.3	0.516	14.03	14.30	3.50	3.49	
982	B	5	4	100	102	39.5	43.59	43.59	1958.7	0.521	14.18	14.45	3.65	3.64	
982	B	5	4	120	122	39.7	43.79	43.79	1975.5	0.544	14.85	15.15	4.35	4.33	
982	B	5	4	140	142	39.9	43.99	43.99	1992.3	0.528	14.38	14.67	3.87	3.85	
982	B	5	5	0	2	40	44.09	44.09	2000.8	0.507	13.76	14.03	3.23	3.21	
982	B	5	5	3	5	40.03	44.1	44.1	2001.6	0.537	14.65	14.94	4.14	4.12	
982	B	5	5	10	12	40.1	44.19	44.19	2008.8	0.495	13.41	13.67	2.87	2.85	
982	B	5	5	30	32	40.3	44.39	44.39	2021.5	0.563	15.41	15.73	4.93	4.91	
982	B	5	5	50	52	40.5	44.59	44.59	2031.3	0.594	16.32	16.67	5.87	5.85	
982	B	5	5	70	72	40.7	44.79	44.79	2037.9	0.567	15.53	15.85	5.05	5.03	
982	B	5	5	90	92	40.9	44.99	44.99	2043.5	0.533	14.53	14.82	4.02	4.00	
982	B	5	5	110	112	41.1	45.19	45.19	2048.7	0.542	14.79	15.09	4.29	4.27	
982	B	5	5	130	132	41.3	45.39	45.39	2053.9	0.541	14.76	15.06	4.26	4.24	
982	B	5	6	20	22	41.7	45.79	45.79	2065.2	0.467	12.59	12.82	2.02	2.00	
982	B	5	6	40	42	41.9	45.99	45.99	2071.8	0.454	12.21	12.42	1.62	1.61	
982	B	5	6	60	62	42.1	46.19	46.19	2078.5	0.500	13.56	13.82	3.02	3.00	
982	B	5	6	80	82	42.3	46.39	46.39	2085.2	0.473	12.76	13.00	2.20	2.18	
982	C	6	1	20	22	42	46.59	46.59	2092.3	0.457	12.29	12.52	1.72	1.70	
982	C	6	1	40	42	42.2	46.79	46.79	2100.6	0.432	11.56	11.76	0.96	0.94	
982	C	6	1	60	62	42.4	46.99	46.99	2109.3	0.497	13.47	13.73	2.93	2.91	
982	C	6	1	80	82	42.6	47.19	47.19	2118.0	0.486	13.15	13.39	2.59	2.57	
982	C	6	1	100	102	42.8	47.39	47.39	2126.9	0.534	14.56	14.85	4.05	4.03	
982	C	6	1	120	122	43	47.59	47.59	2139.3	0.559	15.29	15.61	4.81	4.79	
982	C	6	1	140	142	43.2	47.79	47.79	2151.8	0.488	13.21	13.45	2.65	2.64	
982	C	6	2	10	12	43.4	47.99	47.99	2161.6	0.412	10.97	11.15	0.35	0.33	
982	C	6	2	30	32	43.6	48.19	48.19	2171.3	0.456	12.26	12.48	1.68	1.67	
982	C	6	2	50	52	43.8	48.39	48.39	2181.3	0.547	14.94	15.24	4.44	4.42	
982	C	6	2	70	72	44	48.59	48.59	2190.4	0.502	13.62	13.88	3.08	3.06	
982	C	6	2	71	73	44.01	48.6	48.6	2190.8	0.482	13.03	13.27	2.47	2.45	
982	C	6	2	90	92	44.2	48.79	48.79	2199.4	0.448	12.03	12.24	1.44	1.42	
982	C	6	2	110	112	44.4	48.99	48.99	2210.4	0.521	14.18	14.45	3.65	3.63	
982	C	6	2	130	132	44.6	49.19	49.19	2222.2	0.492	13.32	13.58	2.78	2.76	
982	C	6	3	0	2	44.8	49.39	49.39	2234.5	0.483	13.06	13.30	2.50	2.48	
982	C	6	3	20	22	44.92	49.59	49.59	2248.8	0.436	11.68	11.88	1.08	1.06	
982	C	6	3	40	42	45.2	49.79	49.79	2264.5	0.518	14.09	14.36	3.56	3.54	
982	B	6	1	110	112	44.6	50.12	50.12	2290.5	0.474	12.79	13.03	2.23	2.21	
982	B	6	1	130	132	44.8	50.32	50.32	2311.5	0.556	15.21	15.52	4.72	4.69	
982	B	6	2	0	2	45	50.52	50.52	2334.2	0.518	14.09	14.36	3.56	3.54	
982	B	6	2	20	22	45.2	50.72	50.72	2355.8	0.533	14.53	14.82	4.02	4.00	
982	B	6	2	40	42	45.4	50.92	50.92	2371.5	0.476	12.85	13.09	2.29	2.27	
982	B	6	2	60	62	45.6	51.12	51.12	2383.7	0.551	15.06	15.36	4.56	4.54	
982	B	6	2	80	82	45.8	51.32	51.32	2395.3	0.595	16.35	16.70	5.90	5.88	
982	B	6	2	100	102	46	51.52	51.52	2405.4	0.529	14.41	14.70	3.90	3.88	
982	B	6	2	120	122	46.2	51.72	51.72	2414.0	0.489	13.24	13.48	2.68	2.66	
982	B	6	2	140	142	46.4	51.92	51.92	2421.3	0.491	13.29	13.55	2.75	2.72	
982	B	6	3	10	12	46.6	52.12	52.12	2428.7	0.513	13.94	14.21	3.41	3.39	
982	B	6	3	30	32	46.8	52.32	52.32	2437.0	0.407	10.82	11.00	0.20	0.18	
982	B	6	3	50	52	47	52.52	52.52	2446.0	0.472	12.74	12.97	2.17	2.15	
982	B	6	3	70	72	47.2	52.7	52.7	2456.2	0.548	14.97	15.27	4.47	4.45	
982	B	6	3	71	76	47.235	52.72	52.72	2457.4	0.539	14.71	15.00	4.20	4.18	
982	B	6	3	90	92	47.4	52.92	52.92	2469.6	0.572	15.68	16.00	5.20	5.18	
982	B	6	3	110	112	47.6	53.12	53.12	2479.7	0.503	13.65	13.91	3.11	3.09	
982	B	6	3	130	132	47.8	53.32	53.32	2487.2	0.474	12.79	13.03	2.23	2.21	
982	B	6	4	0	2	48	53.52	53.52	2493.8	0.490	13.26	13.52	2.72	2.69	
982	B	6	4	7.5	9.5	48.075	53.595	53.595	2496.0	0.524	14.26	14.55	3.75	3.72	
982	B	6	4	15	17	48.15	53.67	53.67	2498.1	0.548	14.97	15.27	4.47	4.45	
982	B	6	4	22.5	24.5	48.225	53.745	53.745	2500.2	0.564	15.44	15.76	4.96	4.93	
982	B	6	4	30	32	48.3	53.82	53.82	2502.3	0.553	15.12	15.42	4.62	4.60	
982	B	6	4	37.5	39.5	48.375	53.895	53.895	2504.5	0.542	14.79	15.09	4.29	4.27	
982	B	6	4	45	47	48.45	53.97	53.97	2506.6	0.570	15.62	15.94	5.14	5.12	
982	B	6	4	52.5	54.5	48.525	54.045	54.045	2508.8	0.510	13.85	14.12	3.32	3.30	
982	B	6	4	60	62	48.6	54.12	54.12	2510.9	0.493	13.35	13.61	2.81	2.78	
982	B	6	4	67.5	69.5	48.675	54.195	54.195	2513.1	0.459	12.35	12.58	1.78	1.75	
982	B	6	4	75	77	48.75	54.27	54.27	2515.2	0.456	12.26	12.48	1.68	1.66	
982	B	6	4	82.5	84.5	48.825	54.345	54.345	2517.4	0.428	11.44	11.64	0.84	0.81	
982	B	6	4	90	92	48.9	54.42	54.42	2519.5	0.405	10.76	10.94	0.14	0.12	
982	B	6	4	97.5	99.5	48.975	54.495	54.495	2521.7	0.396	10.50	10.67	-0.13	-0.16	
982	B	6	4	105	107	49.05	54.57	54.57	2523.8	0.409	10.88	11.06	0.26	0.24	
982	B	6	4	112.5	114.5	49.125	54.645	54.645	2526.1	0.402	10.68	10.85	0.05	0.03	
982	B	6	4	120	122	49.2	54.72	54.72	2528.4	0.401	10.65	10.82	0.02	0.00	
982	B	6	4	127.5	129.5	49.275	54.795	54.795	2531.0	0.412	10.97	11.15	0.35	0.33	
982	B	6	4	135	137	49.35	54.87	54.87	2533.7	0.404	10.74	10.91	0.11	0.09	
982	B	6	4	142.5	144.5	49.425	54.945	54.945	2537.5	0.417	11.12	11.30	0.50	0.48	
982	B	6	5	0	2	49.5	55.02	55.02	2542.2	0.474	12.79	13.03	2.23	2.21	
982	B	6	5	7.5	9.5	49.575	55.095	55.095	2546.9	0.544	14.85	15.15	4.35	4.33	
982	B	6	5	15	17	49.65	55.17	55.17	2551.6	0.508	13.79	14.06	3.26	3.24	
982	B	6	5	22.5	24.5	49.725	55.245	55.245	2556.3	0.532	14.50	14.79	3.99	3.96	
982	B	6	5	30	32	49.8	55.32	55.32	2561.0	0.549	15.00	15.30	4.50	4.48	
982	B	6	5	37.5	39.5	49.875	55.395	55.395	2565.6	0.572	15.68	16.00	5.20	5.18	
982	B	6	5	45	47	49.95	55.47	55.47	2570.1	0.528	14.38	14.67	3.87	3.84	
982	B	6	5	52.5	54.5	50.025	55.545	55.545	2574.7	0.563	15.41	15.73	4.93	4.90	
982	B	6	5	60	62	50.1	55.62	55.62	2579.2	0.520	14.15	14.42	3.62	3.60	
982	B	6	5	67.5	69.5	50.175	55.695	55.695	2583.7	0.547	14.94	15.24	4.44	4.42	
982	B	6	5	75	77	50.25	55.77	55.77	2588.2	0.511	13.88	14.15	3.35	3.33	
982	B	6	5	82.5	84.5	50.325	55.845	55.845	2592.3	0.498	13.50	13.76	2.96	2.93	
982	B	6	5	90	92	50.4	55.9	55.9	2595.4	0.525	14.29	14.58	3.78	3.75	
982	B	6	5	92	94	50.42	55.92	55.92	2596.5	0.508	13.79	14.06	3.26	3.24	
982	B	6	5	97.5	99.5	50.475	55.995	55.995	2600.5	0.496	13.44	13.70	2.90	2.87	
982	B	6	5	105	107	50.55	56.07	56.07	2604.6	0.478	12.91	13.15	2.35	2.33	
982	B	6	5	112.5	114.5	50.625	56.145	56.145	2608.7	0.479	12.94	13.18	2.38	2.36	
982	B	6	5	120	122	50.7	56.22	56.22	2612.8	0.482	13.03	13.27	2.47	2.45	
982	B	6	5	127.5	129.5	50.775	56.295	56.295	2617.0	0.482	13.03	13.27	2.47	2.45	
982	B	6	5	135	137	50.85	56.37	56.37	2621.5	0.493	13.35	13.61	2.81	2.78	
982	B	6	5	142.5	144.5	50.925	56.445	56.445	2626.5	0.491	13.29	13.55	2.75	2.72	
982	B	6	6	0	2	51	56.52	56.52	2631.9	0.493	13.35	13.61	2.81	2.78	
982	B	6	6	7.5	9.5	51.075	56.595	56.595	2637.4	0.514	13.97	14.24	3.44	3.42	
982	B	6	6	15	17	51.15	56.67	56.67	2642.9	0.558	15.26	15.58	4.78	4.75	
982	B	6	6	22.5	24.5	51.225	56.745	56.745	2648.3	0.564	15.44	15.76	4.96	4.93	
982	B	6	6	30	32	51.3	56.82	56.82	2654.0	0.556	15.21	15.52	4.72	4.69	
982	B	6	6	37.5	39.5	51.375	56.895	56.895	2659.6	0.539	14.71	15.00	4.20	4.18	
982	B	6	6	45	47	51.45	56.97	56.97	2664.6	0.548	14.97	15.27	4.47	4.45	
982	B	6	6	52.5	54.5	51.525	57.045	57.045	2669.1	0.559	15.29	15.61	4.81	4.78	
982	B	6	6	60	62	51.6	57.12	57.12	2673.4	0.563	15.41	15.73	4.93	4.90	
982	B	6	6	67.5	69.5	51.675	57.195	57.195	2677.7	0.558	15.26	15.58	4.78	4.75	
982	B	6	6	75	77	51.75	57.24	57.24	2680.0	0.560	15.32	15.64	4.84	4.81	
NaN	NaN	NaN	NaN	NaN	NaN	NaN	57.27	57.27	2681.3	0.547	14.94	15.24	4.44	4.42	
NaN	NaN	NaN	NaN	NaN	NaN	NaN	57.32	57.32	2683.6	0.556	15.21	15.52	4.72	4.69	
982	B	6	6	82.5	84.5	51.825	57.345	57.345	2684.7	0.521	14.18	14.45	3.65	3.63	
982	B	6	6	90	92	51.9	57.42	57.42	2688.0	0.500	13.56	13.82	3.02	2.99	
982	A	6	4	22.5	24.5	50.925	57.47	57.47	2690.2	0.477	12.88	13.12	2.32	2.30	
982	B	6	6	97.5	99.5	51.975	57.495	57.495	2691.3	0.444	11.91	12.12	1.32	1.30	
982	A	6	4	30	32	51	57.54	57.54	2693.2	0.412	10.97	11.15	0.35	0.33	
982	B	6	6	105	107	52.05	57.57	57.57	2694.5	0.448	12.03	12.24	1.44	1.42	
982	A	6	4	37.5	39.5	51.075	57.62	57.62	2696.7	0.503	13.65	13.91	3.11	3.08	
982	B	6	6	112.5	114.5	52.125	57.645	57.645	2697.8	0.482	13.03	13.27	2.47	2.45	
982	A	6	4	45	47	51.15	57.69	57.69	2699.7	0.530	14.44	14.73	3.93	3.90	
NaN	NaN	NaN	NaN	NaN	NaN	NaN	57.72	57.72	2701.0	0.520	14.15	14.42	3.62	3.60	
982	A	6	4	52.5	54.5	51.225	57.77	57.77	2703.2	0.536	14.62	14.91	4.11	4.08	
982	A	6	4	60	62	51.3	57.795	57.795	2704.3	0.537	14.65	14.94	4.14	4.11	
NaN	NaN	NaN	NaN	NaN	NaN	NaN	57.84	57.84	2706.2	0.536	14.62	14.91	4.11	4.08	
NaN	NaN	NaN	NaN	NaN	NaN	NaN	57.87	57.87	2707.6	0.556	15.21	15.52	4.72	4.69	
982	A	6	4	67.5	69.5	51.385	57.92	57.92	2710.1	0.548	14.97	15.27	4.47	4.45	
982	A	6	4	75	77	51.45	57.99	57.99	2713.9	0.540	14.74	15.03	4.23	4.21	
982	A	6	4	82.5	84.5	51.525	58.07	58.07	2718.1	0.517	14.06	14.33	3.53	3.51	
982	A	6	4	90	92	51.6	58.14	58.14	2721.9	0.526	14.32	14.61	3.81	3.78	
982	A	6	4	97.5	99.5	51.675	58.22	58.22	2726.2	0.522	14.21	14.48	3.68	3.66	
982	A	6	4	105	107	51.75	58.29	58.29	2730.2	0.543	14.82	15.12	4.32	4.30	
982	A	6	4	112.5	114.5	51.825	58.37	58.37	2734.7	0.543	14.82	15.12	4.32	4.30	
982	A	6	4	120	122	51.9	58.44	58.44	2738.7	0.530	14.44	14.73	3.93	3.90	
982	A	6	4	127.5	129.5	51.975	58.52	58.52	2743.5	0.548	14.97	15.27	4.47	4.45	
982	A	6	4	135	137	52.05	58.59	58.59	2747.7	0.546	14.91	15.21	4.41	4.39	
982	A	6	4	142.5	144.5	52.125	58.67	58.67	2752.9	0.550	15.03	15.33	4.53	4.51	
982	A	6	5	0	2	52.2	58.74	58.74	2757.6	0.546	14.91	15.21	4.41	4.39	
982	A	6	5	7.5	9.5	52.275	58.82	58.82	2763.0	0.578	15.85	16.18	5.38	5.36	
982	A	6	5	15	17	52.35	58.89	58.89	2767.6	0.575	15.76	16.09	5.29	5.27	
982	A	6	5	22.5	24.5	52.425	58.97	58.97	2772.7	0.569	15.59	15.91	5.11	5.08	
982	A	6	5	30	32	52.5	59.04	59.04	2777.2	0.569	15.59	15.91	5.11	5.08	
982	A	6	5	37.5	39.5	52.575	59.12	59.12	2782.1	0.576	15.79	16.12	5.32	5.30	
982	A	6	5	45	47	52.65	59.19	59.19	2786.2	0.578	15.85	16.18	5.38	5.36	
982	A	6	5	52.5	54.5	52.725	59.265	59.265	2790.4	0.593	16.29	16.64	5.84	5.81	
982	A	6	5	60	62	52.8	59.34	59.34	2794.5	0.594	16.32	16.67	5.87	5.84	
982	A	6	5	67.5	69.5	52.875	59.42	59.42	2798.3	0.603	16.59	16.94	6.14	6.11	
982	A	6	5	75	77	52.95	59.49	59.49	2801.1	0.548	14.97	15.27	4.47	4.45	
982	A	6	5	82.5	84.5	53.025	59.565	59.565	2803.8	0.533	14.53	14.82	4.02	3.99	
982	A	6	5	90	92	53.1	59.64	59.64	2806.5	0.519	14.12	14.39	3.59	3.57	
982	A	6	5	97.5	99.5	53.165	59.72	59.72	2809.3	0.514	13.97	14.24	3.44	3.42	
982	A	6	5	105	107	53.25	59.755	59.755	2810.6	0.532	14.50	14.79	3.99	3.96	
NaN	NaN	NaN	NaN	NaN	NaN	NaN	59.8	59.8	2812.4	0.533	14.53	14.82	4.02	3.99	
NaN	NaN	NaN	NaN	NaN	NaN	NaN	59.83	59.83	2813.6	0.513	13.94	14.21	3.41	3.39	
982	A	6	5	112.5	114.5	53.335	59.87	59.87	2815.2	0.489	13.24	13.48	2.68	2.66	
982	B	7	1	112.5	114.5	54.175	59.905	59.905	2816.6	0.480	12.97	13.21	2.41	2.39	
982	A	6	5	120	122	53.41	59.94	59.94	2817.9	0.503	13.65	13.91	3.11	3.08	
NaN	NaN	NaN	NaN	NaN	NaN	NaN	59.98	59.98	2819.3	0.541	14.76	15.06	4.26	4.24	
982	A	6	5	127.5	129.5	53.485	60.02	60.02	2820.5	0.562	15.38	15.70	4.90	4.87	
982	B	7	1	127.5	129.5	54.325	60.055	60.055	2821.5	0.582	15.97	16.30	5.50	5.48	
982	B	7	1	135	137	54.4	60.13	60.13	2823.4	0.582	15.97	16.30	5.50	5.48	
982	B	7	1	142.5	144.5	54.475	60.205	60.205	2825.4	0.563	15.41	15.73	4.93	4.90	
982	B	7	2	0	2	54.55	60.28	60.28	2827.4	0.635	17.53	17.91	7.11	7.08	
982	B	7	2	7.5	9.5	54.625	60.355	60.355	2829.6	0.643	17.76	18.15	7.35	7.33	
982	B	7	2	15	17	54.7	60.43	60.43	2831.8	0.625	17.24	17.61	6.81	6.78	
982	B	7	2	22.5	24.5	54.775	60.505	60.505	2834.0	0.612	16.85	17.21	6.41	6.39	
982	B	7	2	30	32	54.85	60.58	60.58	2836.2	0.615	16.94	17.30	6.50	6.48	
982	B	7	2	37.5	39.5	54.925	60.655	60.655	2838.4	0.598	16.44	16.79	5.99	5.96	
982	B	7	2	45	47	55	60.73	60.73	2840.6	0.628	17.32	17.70	6.90	6.87	
982	B	7	2	52.5	54.5	55.075	60.805	60.805	2842.8	0.657	18.18	18.58	7.78	7.75	
982	B	7	2	60	62	55.15	60.88	60.88	2844.9	0.654	18.09	18.48	7.68	7.66	
982	B	7	2	67.5	69.5	55.225	60.955	60.955	2847.2	0.664	18.38	18.79	7.99	7.96	
982	B	7	2	75	77	55.3	61.03	61.03	2849.3	0.651	18.00	18.39	7.59	7.57	
982	B	7	2	82.5	84.5	55.375	61.105	61.105	2851.5	0.579	15.88	16.21	5.41	5.39	
982	B	7	2	90	92	55.45	61.18	61.18	2853.7	0.582	15.97	16.30	5.50	5.48	
982	B	7	2	97.5	99.5	55.525	61.255	61.255	2855.9	0.534	14.56	14.85	4.05	4.02	
982	B	7	2	105	107	55.6	61.33	61.33	2858.1	0.572	15.68	16.00	5.20	5.17	
982	B	7	2	112.5	114.5	55.675	61.405	61.405	2860.3	0.614	16.91	17.27	6.47	6.45	
982	B	7	2	120	122	55.75	61.48	61.48	2862.8	0.647	17.88	18.27	7.47	7.45	
982	B	7	2	127.5	129.5	55.825	61.555	61.555	2865.3	0.640	17.68	18.06	7.26	7.23	
982	B	7	2	135	137	55.9	61.63	61.63	2867.8	0.636	17.56	17.94	7.14	7.11	
982	B	7	2	142.5	144.5	55.975	61.705	61.705	2870.3	0.635	17.53	17.91	7.11	7.08	
982	B	7	3	0	2	56.05	61.78	61.78	2872.8	0.580	15.91	16.24	5.44	5.42	
982	B	7	3	7.5	9.5	56.125	61.855	61.855	2875.3	0.570	15.62	15.94	5.14	5.11	
982	B	7	3	15	17	56.2	61.93	61.93	2877.8	0.570	15.62	15.94	5.14	5.11	
982	B	7	3	22.5	24.5	56.275	62.005	62.005	2880.2	0.577	15.82	16.15	5.35	5.33	
982	B	7	3	30	32	56.35	62.08	62.08	2882.6	0.598	16.44	16.79	5.99	5.96	
982	B	7	3	37.5	39.5	56.425	62.155	62.155	2885.0	0.637	17.59	17.97	7.17	7.14	
982	B	7	3	45	47	56.5	62.23	62.23	2887.4	0.629	17.35	17.73	6.93	6.90	
982	B	7	3	52.5	54.5	56.575	62.305	62.305	2889.8	0.601	16.53	16.88	6.08	6.05	
982	B	7	3	60	62	56.65	62.38	62.38	2892.0	0.583	16.00	16.33	5.53	5.51	
982	B	7	3	67.5	69.5	56.725	62.455	62.455	2894.2	0.567	15.53	15.85	5.05	5.02	
982	B	7	3	75	77	56.8	62.53	62.53	2896.5	0.595	16.35	16.70	5.90	5.87	
982	B	7	3	82.5	84.5	56.875	62.605	62.605	2898.9	0.623	17.18	17.55	6.75	6.72	
982	B	7	3	90	92	56.95	62.68	62.68	2901.4	0.626	17.26	17.64	6.84	6.81	
982	B	7	3	97.5	99.5	57.025	62.755	62.755	2903.8	0.613	16.88	17.24	6.44	6.42	
982	B	7	3	105	107	57.1	62.83	62.83	2906.2	0.623	17.18	17.55	6.75	6.72	
982	B	7	3	112.5	114.5	57.175	62.905	62.905	2908.7	0.611	16.82	17.18	6.38	6.36	
982	B	7	3	120	122	57.25	62.98	62.98	2911.2	0.633	17.47	17.85	7.05	7.02	
982	B	7	3	127.5	129.5	57.325	63.055	63.055	2913.7	0.616	16.97	17.33	6.53	6.51	
982	B	7	3	135	137	57.4	63.13	63.13	2916.2	0.599	16.47	16.82	6.02	5.99	
982	B	7	3	142.5	144.5	57.475	63.205	63.205	2918.7	0.633	17.47	17.85	7.05	7.02	
982	B	7	4	0	2	57.55	63.28	63.28	2921.2	0.608	16.74	17.09	6.29	6.26	
982	B	7	4	7.5	9.5	57.625	63.355	63.355	2923.8	0.554	15.15	15.45	4.65	4.63	
982	B	7	4	15	17	57.7	63.43	63.43	2926.6	0.545	14.88	15.18	4.38	4.36	
982	B	7	4	22.5	24.5	57.775	63.505	63.505	2930.3	0.574	15.74	16.06	5.26	5.23	
982	B	7	4	30	32	57.85	63.58	63.58	2934.6	0.620	17.09	17.45	6.65	6.63	
982	B	7	4	37.5	39.5	57.925	63.655	63.655	2938.8	0.607	16.71	17.06	6.26	6.23	
982	B	7	4	45	47	58	63.73	63.73	2942.4	0.672	18.62	19.03	8.23	8.20	
NaN	NaN	NaN	NaN	NaN	NaN	NaN	63.805	63.805	2946.2	0.651	18.00	18.39	7.59	7.57	
982	B	7	4	52.5	54.5	58.125	63.88	63.88	2949.8	0.640	17.68	18.06	7.26	7.23	
982	B	7	4	60	62	58.15	63.955	63.955	2953.4	0.595	16.35	16.70	5.90	5.87	
982	B	7	4	67.5	69.5	58.225	64.03	64.03	2956.6	0.578	15.85	16.18	5.38	5.36	
982	B	7	4	75	77	58.3	64.105	64.105	2959.3	0.586	16.09	16.42	5.62	5.60	
982	B	7	4	82.5	84.5	58.375	64.18	64.18	2962.0	0.584	16.03	16.36	5.56	5.54	
982	B	7	4	90	92	58.45	64.255	64.255	2964.7	0.559	15.29	15.61	4.81	4.78	
982	B	7	4	97.5	99.5	58.525	64.33	64.33	2967.4	0.587	16.12	16.45	5.65	5.63	
982	B	7	4	105	107	58.6	64.405	64.405	2970.0	0.591	16.24	16.58	5.78	5.75	
982	B	7	4	112.5	114.5	58.675	64.48	64.48	2972.7	0.537	14.65	14.94	4.14	4.11	
982	B	7	4	120	122	58.75	64.555	64.555	2975.3	0.541	14.76	15.06	4.26	4.23	
982	B	7	4	127.5	129.5	58.825	64.63	64.63	2978.0	0.537	14.65	14.94	4.14	4.11	
982	B	7	4	135	137	58.9	64.705	64.705	2980.6	0.518	14.09	14.36	3.56	3.54	
982	B	7	4	142.5	144.5	58.975	64.78	64.78	2983.5	0.521	14.18	14.45	3.65	3.63	
982	B	7	5	0	2	59.05	64.855	64.855	2986.8	0.499	13.53	13.79	2.99	2.96	
982	B	7	5	10	12	59.15	64.9	64.9	2988.8	0.532	14.50	14.79	3.99	3.96	
982	B	7	5	15	17	59.2	64.93	64.93	2990.2	0.530	14.44	14.73	3.93	3.90	
982	B	7	5	22.5	24.5	59.275	65.005	65.005	2993.6	0.580	15.91	16.24	5.44	5.42	
982	B	7	5	30	32	59.36	65.08	65.08	2997.1	0.593	16.29	16.64	5.84	5.81	
982	B	7	5	37.5	39.5	59.425	65.155	65.155	3000.5	0.591	16.24	16.58	5.78	5.75	
982	B	7	5	45	47	59.5	65.23	65.23	3004.0	0.550	15.03	15.33	4.53	4.51	
982	B	7	5	52.5	54.5	59.575	65.305	65.305	3007.4	0.538	14.68	14.97	4.17	4.14	
982	B	7	5	60	62	59.65	65.38	65.38	3010.4	0.548	14.97	15.27	4.47	4.45	
982	B	7	5	67.5	69.5	59.725	65.455	65.455	3013.4	0.506	13.74	14.00	3.20	3.17	
982	B	7	5	75	77	59.8	65.53	65.53	3016.4	0.512	13.91	14.18	3.38	3.35	
982	B	7	5	82.5	84.5	59.875	65.605	65.605	3019.2	0.525	14.29	14.58	3.78	3.75	
982	B	7	5	90	92	59.95	65.68	65.68	3021.9	0.517	14.06	14.33	3.53	3.51	
982	B	7	5	97.5	99.5	60.025	65.755	65.755	3024.7	0.523	14.24	14.52	3.72	3.69	
982	B	7	5	105	107	60.1	65.83	65.83	3027.4	0.514	13.97	14.24	3.44	3.42	
982	A	7	2	67.5	69.5	57.875	65.86	65.86	3028.5	0.531	14.47	14.76	3.96	3.93	
982	B	7	5	112.5	114.5	60.175	65.905	65.905	3030.1	0.532	14.50	14.79	3.99	3.96	
982	NaN	NaN	NaN	NaN	NaN	NaN	65.93	65.93	3031.0	0.544	14.85	15.15	4.35	4.32	
982	B	7	5	120	122	60.25	65.98	65.98	3032.9	0.575	15.76	16.09	5.29	5.26	
982	NaN	NaN	NaN	NaN	NaN	NaN	66.01	66.01	3034.0	0.584	16.03	16.36	5.56	5.54	
982	B	7	5	127.5	129.5	60.325	66.055	66.055	3035.7	0.568	15.56	15.88	5.08	5.05	
982	B	7	5	135	137	60.4	66.08	66.08	3036.7	0.588	16.15	16.48	5.68	5.66	
982	A	7	2	97.5	99.5	58.175	66.13	66.13	3038.8	0.588	16.15	16.48	5.68	5.66	
982	NaN	NaN	NaN	NaN	NaN	NaN	66.16	66.16	3040.0	0.568	15.56	15.88	5.08	5.05	
982	B	7	5	142.5	144.5	60.475	66.205	66.205	3042.0	0.544	14.85	15.15	4.35	4.32	
982	A	7	2	105	107	58.25	66.23	66.23	3043.2	0.528	14.38	14.67	3.87	3.84	
982	B	7	6	0	2	60.55	66.28	66.28	3045.7	0.514	13.97	14.24	3.44	3.41	
982	A	7	2	112.5	114.5	58.325	66.31	66.31	3047.2	0.494	13.38	13.64	2.84	2.81	
982	A	7	2	120	122	58.4	66.355	66.355	3049.6	0.495	13.41	13.67	2.87	2.84	
982	NaN	NaN	NaN	NaN	NaN	NaN	66.38	66.38	3050.9	0.481	13.00	13.24	2.44	2.41	
982	NaN	NaN	NaN	NaN	NaN	NaN	66.43	66.43	3053.5	0.473	12.76	13.00	2.20	2.17	
982	A	7	2	127.5	129.5	58.475	66.46	66.46	3055.3	0.482	13.03	13.27	2.47	2.45	
982	NaN	NaN	NaN	NaN	NaN	NaN	66.505	66.505	3058.2	0.486	13.15	13.39	2.59	2.57	
982	A	7	2	135	137	58.55	66.53	66.53	3059.8	0.513	13.94	14.21	3.41	3.38	
982	A	7	2	142.5	144.5	58.625	66.58	66.58	3063.0	0.492	13.32	13.58	2.78	2.75	
982	NaN	NaN	NaN	NaN	NaN	NaN	66.61	66.61	3065.1	0.521	14.18	14.45	3.65	3.63	
982	A	7	3	0	2	58.7	66.68	66.68	3069.8	0.611	16.82	17.18	6.38	6.35	
982	A	7	3	7.5	9.5	58.775	66.76	66.76	3075.3	0.615	16.94	17.30	6.50	6.48	
982	A	7	3	15	17	58.85	66.83	66.83	3079.9	0.610	16.79	17.15	6.35	6.32	
982	A	7	3	22.5	24.5	58.925	66.91	66.91	3085.2	0.627	17.29	17.67	6.87	6.84	
982	A	7	3	30	32	59	66.98	66.98	3089.3	0.694	19.26	19.70	8.90	8.87	
982	A	7	3	37.5	39.5	59.075	67.06	67.06	3094.1	0.712	19.79	20.24	9.44	9.41	
982	A	7	3	45	47	59.15	67.13	67.13	3098.2	0.657	18.18	18.58	7.78	7.75	
982	A	7	3	52.5	54.5	59.225	67.21	67.21	3102.9	0.600	16.50	16.85	6.05	6.02	
982	A	7	3	60	62	59.3	67.28	67.28	3107.1	0.588	16.15	16.48	5.68	5.66	
982	A	7	3	67.5	69.5	59.375	67.36	67.36	3111.0	0.608	16.74	17.09	6.29	6.26	
982	A	7	3	75	77	59.45	67.43	67.43	3113.0	0.655	18.12	18.52	7.72	7.69	
982	A	7	3	82.5	84.5	59.525	67.51	67.51	3116.1	0.590	16.21	16.55	5.75	5.72	
982	A	7	3	90	92	59.6	67.58	67.58	3118.7	0.580	15.91	16.24	5.44	5.41	
982	A	7	3	97.5	99.5	59.675	67.66	67.66	3121.6	0.525	14.29	14.58	3.78	3.75	
982	A	7	3	105	107	59.75	67.73	67.73	3124.0	0.521	14.18	14.45	3.65	3.63	
982	A	7	3	112.5	114.5	59.825	67.81	67.81	3126.9	0.466	12.56	12.79	1.99	1.96	
982	A	7	3	120	122	59.9	67.88	67.88	3129.3	0.480	12.97	13.21	2.41	2.38	
982	A	7	3	127.5	129.5	59.975	67.96	67.96	3132.2	0.507	13.76	14.03	3.23	3.20	
982	A	7	3	135	137	60.05	68.03	68.03	3134.6	0.545	14.88	15.18	4.38	4.35	
982	A	7	3	142.5	144.5	60.125	68.11	68.11	3136.2	0.496	13.44	13.70	2.90	2.87	
982	A	7	4	0	2	60.2	68.18	68.18	3137.2	0.517	14.06	14.34	3.54	3.51	
982	A	7	4	7.5	9.5	60.275	68.26	68.26	3139.4	0.557	15.24	15.55	4.75	4.72	
982	A	7	4	15	17	60.35	68.33	68.33	3141.5	0.533	14.53	14.82	4.02	3.99	
982	A	7	4	24	26	60.44	68.42	68.42	3144.6	0.531	14.47	14.76	3.96	3.93	
982	A	7	4	30	32	60.5	68.48	68.48	3146.7	0.553	15.12	15.42	4.62	4.60	
982	A	7	4	37.5	39.5	60.575	68.56	68.56	3149.5	0.613	16.88	17.24	6.44	6.41	
982	A	7	4	45	47	60.65	68.63	68.63	3152.0	0.624	17.21	17.58	6.78	6.75	
982	A	7	4	52.5	54.5	60.725	68.71	68.71	3155.5	0.597	16.41	16.76	5.96	5.93	
982	A	7	4	60	62	60.8	68.78	68.78	3158.5	0.611	16.82	17.18	6.38	6.35	
982	A	7	4	67.5	69.5	60.875	68.86	68.86	3161.8	0.595	16.35	16.70	5.90	5.87	
982	A	7	4	75	77	60.95	68.93	68.93	3164.7	0.567	15.53	15.85	5.05	5.02	
982	A	7	4	82.5	84.5	61.025	69.01	69.01	3167.5	0.580	15.91	16.24	5.44	5.41	
982	A	7	4	90	92	61.1	69.08	69.08	3169.9	0.597	16.41	16.76	5.96	5.93	
982	A	7	4	97.5	99.5	61.175	69.16	69.16	3172.5	0.600	16.50	16.85	6.05	6.02	
982	A	7	4	105	107	61.25	69.23	69.23	3174.8	0.589	16.18	16.52	5.72	5.69	
982	A	7	4	112.5	114.5	61.325	69.305	69.305	3176.8	0.571	15.65	15.97	5.17	5.14	
982	NaN	NaN	NaN	NaN	NaN	NaN	69.31	69.31	3177.0	0.582	15.97	16.30	5.50	5.47	
982	NaN	NaN	NaN	NaN	NaN	NaN	69.33	69.33	3177.5	0.590	16.21	16.55	5.75	5.72	
982	A	7	4	120	122	61.4	69.38	69.38	3178.9	0.579	15.88	16.21	5.41	5.38	
982	NaN	NaN	NaN	NaN	NaN	NaN	69.405	69.405	3179.5	0.583	16.00	16.33	5.53	5.50	
982	A	7	4	127.5	129.5	61.475	69.46	69.46	3180.9	0.572	15.68	16.00	5.20	5.17	
982	A	7	4	135	137	61.55	69.53	69.53	3182.8	0.581	15.94	16.27	5.47	5.44	
982	A	7	4	142.5	144.5	61.625	69.61	69.61	3185.1	0.575	15.76	16.09	5.29	5.26	
NaN	NaN	NaN	NaN	NaN	NaN	NaN	69.63	69.63	3185.7	0.540	14.74	15.03	4.23	4.20	
982	A	7	5	0	2	61.7	69.68	69.68	3187.3	0.584	16.03	16.36	5.56	5.53	
982	A	7	5	7.5	9.5	61.775	69.755	69.755	3189.7	0.575	15.76	16.09	5.29	5.26	
982	B	8	1	45	47	62.95	69.76	69.76	3189.9	0.592	16.26	16.61	5.81	5.78	
982	A	7	5	15	17	61.85	69.83	69.83	3192.1	0.597	16.41	16.76	5.96	5.93	
982	B	8	1	52.5	54.5	63.025	69.905	69.905	3194.5	0.602	16.56	16.91	6.11	6.08	
982	B	8	1	60	62	63.1	69.91	69.91	3194.7	0.593	16.29	16.64	5.84	5.81	
982	B	8	1	67.5	69.5	63.175	69.98	69.98	3197.3	0.593	16.29	16.64	5.84	5.81	
982	B	8	1	75	77	63.25	70.055	70.055	3200.2	0.613	16.88	17.24	6.44	6.41	
982	B	8	1	82.5	84.5	63.325	70.13	70.13	3203.1	0.612	16.85	17.21	6.41	6.38	
982	B	8	1	90	92	63.4	70.23	70.23	3207.0	0.631	17.41	17.79	6.99	6.96	
982	B	8	1	97.5	99.5	63.475	70.305	70.305	3210.4	0.629	17.35	17.73	6.93	6.90	
982	B	8	1	105	107	63.55	70.38	70.38	3214.7	0.620	17.09	17.45	6.65	6.63	
982	B	8	1	112.5	114.5	63.625	70.455	70.455	3219.0	0.622	17.15	17.52	6.72	6.69	
982	B	8	1	120	122	63.7	70.53	70.53	3223.3	0.621	17.12	17.48	6.68	6.66	
982	B	8	1	127.5	129.5	63.775	70.605	70.605	3227.5	0.604	16.62	16.97	6.17	6.14	
982	B	8	1	135	137	63.85	70.68	70.68	3231.2	0.605	16.65	17.00	6.20	6.17	
982	B	8	1	142.5	144.5	63.925	70.755	70.755	3235.0	0.586	16.09	16.42	5.62	5.59	
982	B	8	2	0	2	64	70.83	70.83	3238.8	0.584	16.03	16.36	5.56	5.53	
982	B	8	2	7.5	9.5	64.075	70.905	70.905	3241.1	0.602	16.56	16.91	6.11	6.08	
982	B	8	2	15	17	64.15	70.98	70.98	3243.4	0.602	16.56	16.91	6.11	6.08	
982	B	8	2	22.5	24.5	64.225	71.055	71.055	3245.6	0.604	16.63	16.98	6.18	6.15	
982	B	8	2	30	32	64.3	71.13	71.13	3247.8	0.612	16.85	17.21	6.41	6.38	
982	B	8	2	37.5	39.5	64.375	71.205	71.205	3249.9	0.607	16.71	17.06	6.26	6.23	
982	B	8	2	45	47	64.45	71.28	71.28	3251.9	0.615	16.94	17.30	6.50	6.47	
982	B	8	2	52.5	54.5	64.525	71.355	71.355	3253.6	0.670	18.56	18.97	8.17	8.14	
982	B	8	2	60	62	64.6	71.4	71.4	3254.6	0.744	20.74	21.21	10.41	10.38	
982	B	8	2	61	63	64.61	71.43	71.43	3255.3	0.716	19.91	20.36	9.56	9.53	
982	B	8	2	67.5	69.5	64.675	71.505	71.505	3256.8	0.727	20.24	20.70	9.90	9.87	
982	B	8	2	75	77	64.75	71.58	71.58	3258.1	0.709	19.71	20.15	9.35	9.32	
982	B	8	2	82.5	84.5	64.825	71.655	71.655	3259.3	0.690	19.15	19.58	8.78	8.75	
982	B	8	2	90	92	64.9	71.73	71.73	3260.6	0.671	18.59	19.00	8.20	8.17	
982	B	8	2	97.5	99.5	64.975	71.805	71.805	3262.1	0.659	18.24	18.64	7.84	7.81	
982	B	8	2	105	107	65.05	71.88	71.88	3263.6	0.664	18.38	18.79	7.99	7.96	
982	B	8	2	112.5	114.5	65.125	71.955	71.955	3265.2	0.688	19.09	19.52	8.72	8.69	
982	B	8	2	120	122	65.2	72.03	72.03	3266.8	0.691	19.18	19.61	8.81	8.78	
982	B	8	2	127.5	129.5	65.275	72.105	72.105	3268.5	0.688	19.09	19.52	8.72	8.69	
982	B	8	2	135	137	65.35	72.18	72.18	3270.3	0.670	18.56	18.97	8.17	8.14	
982	B	8	2	142.5	144.5	65.425	72.255	72.255	3272.2	0.661	18.29	18.70	7.90	7.87	
982	B	8	3	0	2	65.5	72.33	72.33	3274.0	0.664	18.38	18.79	7.99	7.96	
982	B	8	3	7.5	9.5	65.575	72.405	72.405	3276.0	0.655	18.12	18.52	7.72	7.69	
982	B	8	3	15	17	65.65	72.48	72.48	3278.0	0.660	18.26	18.67	7.87	7.84	
982	B	8	3	22.5	24.5	65.725	72.555	72.555	3280.0	0.657	18.18	18.58	7.78	7.75	
982	B	8	3	30	32	65.8	72.63	72.63	3281.9	0.657	18.18	18.58	7.78	7.75	
982	B	8	3	37.5	39.5	65.875	72.705	72.705	3284.2	0.617	17.00	17.36	6.56	6.53	
982	B	8	3	45	47	65.95	72.78	72.78	3286.4	0.589	16.18	16.52	5.72	5.69	
982	B	8	3	52.5	54.5	66.025	72.855	72.855	3288.7	0.541	14.76	15.06	4.26	4.23	
982	B	8	3	60	62	66.1	72.93	72.93	3291.2	0.535	14.59	14.88	4.08	4.05	
982	B	8	3	67.5	69.5	66.175	73.005	73.005	3293.7	0.524	14.26	14.55	3.75	3.72	
982	B	8	3	75	77	66.25	73.08	73.08	3296.2	0.497	13.47	13.73	2.93	2.90	
982	B	8	3	82.5	84.5	66.325	73.155	73.155	3298.8	0.484	13.09	13.33	2.53	2.50	
982	B	8	3	90	92	66.4	73.23	73.23	3301.3	0.500	13.56	13.82	3.02	2.99	
982	B	8	3	97.5	99.5	66.475	73.305	73.305	3303.8	0.521	14.18	14.45	3.65	3.62	
982	B	8	3	105	107	66.55	73.38	73.38	3306.1	0.521	14.18	14.45	3.65	3.62	
982	B	8	3	112.5	114.5	66.625	73.455	73.455	3308.4	0.529	14.41	14.70	3.90	3.87	
982	B	8	3	120	122	66.7	73.53	73.53	3310.7	0.541	14.76	15.06	4.26	4.23	
982	B	8	3	127.5	129.5	66.775	73.605	73.605	3313.0	0.601	16.53	16.88	6.08	6.05	
982	B	8	3	135	137	66.85	73.68	73.68	3315.3	0.612	16.85	17.21	6.41	6.38	
982	B	8	3	142.5	144.5	66.925	73.755	73.755	3317.6	0.646	17.85	18.24	7.44	7.41	
982	B	8	4	0	2	67	73.83	73.83	3319.9	0.639	17.65	18.03	7.23	7.20	
982	B	8	4	7.5	9.5	67.075	73.905	73.905	3322.2	0.662	18.32	18.73	7.93	7.90	
982	B	8	4	15	17	67.15	73.98	73.98	3324.6	0.678	18.79	19.21	8.41	8.38	
982	B	8	4	22.5	24.5	67.225	74.055	74.055	3327.0	0.674	18.68	19.09	8.29	8.26	
982	B	8	4	30	32	67.3	74.13	74.13	3329.5	0.663	18.35	18.76	7.96	7.93	
982	B	8	4	37.5	39.5	67.375	74.205	74.205	3331.9	0.643	17.76	18.15	7.35	7.32	
982	B	8	4	45	47	67.45	74.28	74.28	3334.2	0.632	17.44	17.82	7.02	6.99	
982	B	8	4	52.5	54.5	67.525	74.355	74.355	3336.5	0.654	18.09	18.48	7.68	7.65	
982	B	8	4	60	62	67.6	74.43	74.43	3338.8	0.649	17.94	18.33	7.53	7.50	
982	B	8	4	67.5	69.5	67.675	74.505	74.505	3341.2	0.640	17.68	18.06	7.26	7.23	
982	B	8	4	75	77	67.75	74.58	74.58	3343.8	0.604	16.62	16.97	6.17	6.14	
982	B	8	4	82.5	84.5	67.825	74.655	74.655	3346.3	0.618	17.03	17.39	6.59	6.56	
982	B	8	4	90	92	67.9	74.73	74.73	3348.8	0.618	17.03	17.39	6.59	6.56	
982	B	8	4	97.5	99.5	67.975	74.805	74.805	3351.3	0.617	17.00	17.36	6.56	6.53	
982	B	8	4	105	107	68.05	74.88	74.88	3353.8	0.640	17.68	18.06	7.26	7.23	
982	B	8	4	112.5	114.5	68.125	74.955	74.955	3356.2	0.624	17.21	17.58	6.78	6.75	
982	B	8	4	120	122	68.2	75.03	75.03	3358.7	0.645	17.82	18.21	7.41	7.38	
982	B	8	4	127.5	129.5	68.275	75.105	75.105	3361.2	0.656	18.15	18.55	7.75	7.72	
982	B	8	4	135	137	68.35	75.18	75.18	3363.7	0.673	18.65	19.06	8.26	8.23	
982	B	8	4	142.5	144.5	68.425	75.255	75.255	3366.1	0.709	19.71	20.15	9.35	9.32	
982	B	8	5	0	2	68.5	75.26	75.26	3366.3	0.660	18.26	18.67	7.87	7.84	
NaN	NaN	NaN	NaN	NaN	NaN	NaN	75.33	75.33	3368.6	0.688	19.09	19.52	8.72	8.68	
982	A	8	1	142.5	144.5	66.625	75.405	75.405	3371.1	0.655	18.12	18.52	7.72	7.68	
982	A	8	2	0	2	66.7	75.48	75.48	3373.5	0.622	17.15	17.52	6.72	6.68	
982	A	8	2	7.5	9.5	66.775	75.555	75.555	3375.8	0.602	16.56	16.91	6.11	6.08	
NaN	NaN	NaN	NaN	NaN	NaN	NaN	75.6	75.6	3377.2	0.541	14.76	15.06	4.26	4.23	
982	A	8	2	15	17	66.85	75.63	75.63	3378.1	0.586	16.09	16.42	5.62	5.59	
982	A	8	2	22.5	24.5	66.925	75.705	75.705	3380.4	0.563	15.41	15.73	4.93	4.90	
982	A	8	2	30	32	67	75.78	75.78	3382.8	0.566	15.50	15.82	5.02	4.99	
982	A	8	2	37.5	39.5	67.075	75.855	75.855	3385.1	0.598	16.44	16.79	5.99	5.96	
982	A	8	2	45	47	67.15	75.93	75.93	3387.4	0.624	17.21	17.58	6.78	6.75	
982	A	8	2	52.5	54.5	67.225	76.005	76.005	3389.7	0.673	18.65	19.06	8.26	8.23	
982	A	8	2	60	62	67.3	76.08	76.08	3391.9	0.665	18.41	18.82	8.02	7.99	
982	A	8	2	67.5	69.5	67.375	76.155	76.155	3394.2	0.664	18.38	18.79	7.99	7.96	
NaN	NaN	NaN	NaN	NaN	NaN	NaN	76.23	76.23	3396.2	0.639	17.65	18.03	7.23	7.20	
982	A	8	2	82.5	84.5	67.525	76.305	76.305	3398.1	0.613	16.88	17.24	6.44	6.41	
NaN	NaN	NaN	NaN	NaN	NaN	NaN	76.38	76.38	3399.9	0.676	18.74	19.15	8.35	8.32	
982	A	8	2	97.5	99.5	67.675	76.455	76.455	3401.8	0.709	19.71	20.15	9.35	9.32	
NaN	NaN	NaN	NaN	NaN	NaN	NaN	76.53	76.53	3403.9	0.711	19.76	20.21	9.41	9.38	
982	A	8	2	112.5	114.5	67.825	76.605	76.605	3406.2	0.726	20.21	20.67	9.87	9.84	
NaN	NaN	NaN	NaN	NaN	NaN	NaN	76.68	76.68	3408.6	0.753	21.00	21.48	10.68	10.65	
982	A	8	2	127.5	129.5	67.975	76.755	76.755	3411.2	0.711	19.76	20.21	9.41	9.38	
NaN	NaN	NaN	NaN	NaN	NaN	NaN	76.83	76.83	3413.7	0.737	20.53	21.00	10.20	10.17	
982	A	8	2	142.5	144.5	68.125	76.905	76.905	3416.3	0.700	19.44	19.88	9.08	9.05	
NaN	NaN	NaN	NaN	NaN	NaN	NaN	76.98	76.98	3418.8	0.658	18.21	18.61	7.81	7.78	
982	A	8	3	7.5	9.5	68.275	77.055	77.055	3421.4	0.665	18.41	18.82	8.02	7.99	
NaN	NaN	NaN	NaN	NaN	NaN	NaN	77.13	77.13	3423.9	0.665	18.41	18.82	8.02	7.99	
982	A	8	3	22.5	24.5	68.425	77.205	77.205	3426.5	0.683	18.94	19.36	8.56	8.53	
NaN	NaN	NaN	NaN	NaN	NaN	NaN	77.28	77.28	3429.0	0.685	19.00	19.42	8.62	8.59	
982	A	8	3	37.5	39.5	68.575	77.355	77.355	3431.6	0.687	19.06	19.48	8.68	8.65	
NaN	NaN	NaN	NaN	NaN	NaN	NaN	77.43	77.43	3434.1	0.682	18.91	19.33	8.53	8.50	
982	A	8	3	52.5	54.5	68.725	77.505	77.505	3436.6	0.708	19.68	20.12	9.32	9.29	
NaN	NaN	NaN	NaN	NaN	NaN	NaN	77.58	77.58	3438.9	0.733	20.41	20.88	10.08	10.05	
982	A	8	3	67.5	69.5	68.875	77.655	77.655	3441.2	0.732	20.38	20.85	10.05	10.02	
NaN	NaN	NaN	NaN	NaN	NaN	NaN	77.73	77.73	3443.7	0.680	18.85	19.27	8.47	8.44	
982	A	8	3	82.5	84.5	69.025	77.805	77.805	3446.3	0.681	18.88	19.30	8.50	8.47	
982	A	8	3	90	92	69.1	77.88	77.88	3449.1	0.677	18.76	19.18	8.38	8.35	
982	A	8	3	97.5	99.5	69.175	77.955	77.955	3452.0	0.668	18.50	18.91	8.11	8.08	
982	A	8	3	105	107	69.25	78.03	78.03	3455.0	0.689	19.12	19.55	8.75	8.71	
982	A	8	3	112.5	114.5	69.325	78.105	78.105	3458.1	0.654	18.09	18.48	7.68	7.65	
982	A	8	3	120	122	69.4	78.18	78.18	3461.1	0.685	19.00	19.42	8.62	8.59	
982	A	8	3	127.5	129.5	69.475	78.255	78.255	3464.1	0.669	18.53	18.94	8.14	8.11	
982	A	8	3	135	137	69.55	78.33	78.33	3467.4	0.642	17.74	18.12	7.32	7.29	
982	A	8	3	142.5	144.5	69.625	78.405	78.405	3470.7	0.628	17.32	17.70	6.90	6.87	
982	A	8	4	0	2	69.7	78.48	78.48	3474.1	0.603	16.59	16.94	6.14	6.11	
982	A	8	4	7.5	9.5	69.775	78.555	78.555	3478.7	0.608	16.74	17.09	6.29	6.26	
982	A	8	4	15	17	69.85	78.63	78.63	3483.2	0.615	16.94	17.30	6.50	6.47	
982	A	8	4	22.5	24.5	69.925	78.705	78.705	3487.4	0.635	17.53	17.91	7.11	7.08	
982	A	8	4	30	32	70	78.78	78.78	3491.5	0.643	17.76	18.15	7.35	7.32	
982	A	8	4	37.5	39.5	70.075	78.855	78.855	3494.5	0.664	18.38	18.79	7.99	7.96	
982	A	8	4	45	47	70.15	78.93	78.93	3497.5	0.667	18.47	18.88	8.08	8.05	
982	A	8	4	52.5	54.5	70.225	79.005	79.005	3500.7	0.697	19.35	19.79	8.99	8.96	
982	A	8	4	60	62	70.3	79.08	79.08	3503.9	0.710	19.74	20.18	9.38	9.35	
982	A	8	4	67.5	69.5	70.375	79.155	79.155	3507.1	0.720	20.03	20.48	9.68	9.65	
982	A	8	4	75	77	70.45	79.23	79.23	3510.3	0.723	20.12	20.58	9.78	9.74	
982	A	8	4	82.5	84.5	70.525	79.305	79.305	3513.5	0.735	20.47	20.94	10.14	10.11	
982	A	8	4	90	92	70.6	79.38	79.38	3516.7	0.729	20.29	20.76	9.96	9.93	
982	A	8	4	97.5	99.5	70.675	79.455	79.455	3520.0	0.739	20.59	21.06	10.26	10.23	
982	A	8	4	105	107	70.75	79.53	79.53	3523.2	0.702	19.50	19.94	9.14	9.11	
982	A	8	4	115	117	70.85	79.63	79.63	3527.2	0.704	19.56	20.00	9.20	9.17	
982	A	8	4	125	127	70.95	79.73	79.73	3531.1	0.676	18.74	19.15	8.35	8.32	
982	A	8	4	135	137	71.05	79.83	79.83	3534.8	0.665	18.41	18.82	8.02	7.99	
982	A	8	4	145	147	71.15	79.93	79.93	3539.5	0.678	18.79	19.21	8.41	8.38	
982	A	8	5	5	7	71.25	80.03	80.03	3544.1	0.700	19.44	19.88	9.08	9.05	
982	A	8	5	15	17	71.35	80.13	80.13	3548.6	0.680	18.85	19.27	8.47	8.44	
982	A	8	5	25	27	71.45	80.23	80.23	3552.6	0.687	19.06	19.48	8.68	8.65	
982	A	8	5	35	37	71.55	80.33	80.33	3556.6	0.683	18.94	19.36	8.56	8.53	
982	A	8	5	45	47	71.65	80.43	80.43	3560.5	0.675	18.71	19.12	8.32	8.29	
NaN	NaN	NaN	NaN	NaN	NaN	NaN	80.49	80.49	3562.9	0.684	18.97	19.39	8.59	8.56	
982	A	8	5	55	57	71.75	80.53	80.53	3564.5	0.661	18.29	18.70	7.90	7.86	
NaN	NaN	NaN	NaN	NaN	NaN	NaN	80.59	80.59	3566.9	0.674	18.68	19.09	8.29	8.26	
982	A	8	5	65	67	71.85	80.63	80.63	3568.4	0.689	19.12	19.55	8.75	8.71	
NaN	NaN	NaN	NaN	NaN	NaN	NaN	80.69	80.69	3570.7	0.674	18.68	19.09	8.29	8.26	
982	A	8	5	75	77	71.95	80.73	80.73	3572.2	0.677	18.76	19.18	8.38	8.35	
NaN	NaN	NaN	NaN	NaN	NaN	NaN	80.79	80.79	3574.2	0.661	18.29	18.70	7.90	7.86	
982	A	8	5	85	87	72.05	80.83	80.83	3575.5	0.656	18.15	18.55	7.75	7.71	
NaN	NaN	NaN	NaN	NaN	NaN	NaN	80.89	80.89	3577.4	0.637	17.59	17.97	7.17	7.14	
982	A	8	5	95	97	72.15	80.93	80.93	3578.5	0.634	17.50	17.88	7.08	7.05	
NaN	NaN	NaN	NaN	NaN	NaN	NaN	80.99	80.99	3580.2	0.612	16.85	17.21	6.41	6.38	
982	A	8	5	105	107	72.25	81.03	81.03	3581.2	0.613	16.88	17.24	6.44	6.41	
NaN	NaN	NaN	NaN	NaN	NaN	NaN	81.09	81.09	3582.7	0.572	15.68	16.00	5.20	5.17	
982	A	8	5	115	117	72.35	81.13	81.13	3583.7	0.590	16.21	16.55	5.75	5.71	
NaN	NaN	NaN	NaN	NaN	NaN	NaN	81.19	81.19	3585.2	0.594	16.32	16.67	5.87	5.83	
982	A	8	5	125	127	72.45	81.23	81.23	3586.1	0.565	15.47	15.79	4.99	4.96	
NaN	NaN	NaN	NaN	NaN	NaN	NaN	81.29	81.29	3587.5	0.645	17.82	18.21	7.41	7.38	
982	A	8	5	135	137	72.55	81.33	81.33	3588.4	0.644	17.79	18.18	7.38	7.35	
982	B	9	1	145	147	73.45	81.39	81.39	3589.7	0.645	17.82	18.21	7.41	7.38	
982	A	8	5	145	147	72.65	81.43	81.43	3590.4	0.659	18.24	18.64	7.84	7.80	
982	B	9	2	5	7	73.55	81.49	81.49	3591.5	0.672	18.62	19.03	8.23	8.20	
982	B	9	2	15	17	73.65	81.59	81.59	3593.3	0.602	16.56	16.91	6.11	6.08	
982	B	9	2	25	27	73.75	81.69	81.69	3595.2	0.662	18.32	18.73	7.93	7.89	
982	B	9	2	35	37	73.85	81.79	81.79	3597.1	0.649	17.94	18.33	7.53	7.50	
982	B	9	2	45	47	73.95	81.89	81.89	3599.0	0.676	18.74	19.15	8.35	8.32	
982	B	9	2	55	57	74.05	81.99	81.99	3600.9	0.667	18.47	18.88	8.08	8.05	
982	B	9	2	65	67	74.15	82.09	82.09	3602.8	0.693	19.24	19.67	8.87	8.83	
982	B	9	2	75	77	74.25	82.19	82.19	3604.8	0.695	19.29	19.73	8.93	8.89	
982	B	9	2	85	87	74.35	82.29	82.29	3606.7	0.627	17.29	17.67	6.87	6.83	
982	B	9	2	95	97	74.45	82.39	82.39	3609.0	0.630	17.38	17.76	6.96	6.92	
982	B	9	2	105	107	74.55	82.49	82.49	3611.3	0.645	17.82	18.21	7.41	7.38	
982	B	9	2	115	117	74.65	82.59	82.59	3613.5	0.655	18.12	18.52	7.72	7.68	
982	B	9	2	125	127	74.75	82.69	82.69	3615.6	0.645	17.82	18.21	7.41	7.38	
982	B	9	2	135	137	74.85	82.79	82.79	3617.5	0.631	17.41	17.79	6.99	6.96	
982	B	9	2	145	147	74.95	82.89	82.89	3619.3	0.631	17.41	17.79	6.99	6.96	
982	B	9	3	5	7	75.05	82.99	82.99	3621.0	0.629	17.35	17.73	6.93	6.89	
982	B	9	3	15	17	75.15	83.09	83.09	3622.5	0.620	17.09	17.45	6.65	6.62	
982	B	9	3	25	27	75.25	83.19	83.19	3624.0	0.596	16.38	16.73	5.93	5.89	
982	B	9	3	35	37	75.35	83.29	83.29	3625.4	0.590	16.21	16.55	5.75	5.71	
982	B	9	3	45	47	75.45	83.39	83.39	3626.9	0.555	15.18	15.48	4.68	4.65	
982	B	9	3	55	57	75.55	83.49	83.49	3628.4	0.558	15.26	15.58	4.78	4.74	
982	B	9	3	63	65	75.63	83.57	83.57	3629.6	0.540	14.74	15.03	4.23	4.20	
982	B	9	3	65	67	75.65	83.59	83.59	3629.9	0.533	14.53	14.82	4.02	3.99	
982	B	9	3	75	77	75.75	83.69	83.69	3631.3	0.524	14.26	14.55	3.75	3.71	
982	B	9	3	85	87	75.85	83.79	83.79	3632.8	0.526	14.32	14.61	3.81	3.77	
982	B	9	3	95	97	75.95	83.89	83.89	3634.3	0.515	14.00	14.27	3.47	3.44	
982	B	9	3	105	107	76.05	83.99	83.99	3635.8	0.525	14.29	14.58	3.78	3.74	
982	B	9	3	115	117	76.15	84.09	84.09	3637.3	0.555	15.18	15.48	4.68	4.65	
982	B	9	3	125	127	76.25	84.19	84.19	3639.0	0.607	16.71	17.06	6.26	6.23	
982	B	9	3	135	137	76.35	84.29	84.29	3640.9	0.575	15.76	16.09	5.29	5.26	
982	B	9	3	145	147	76.45	84.39	84.39	3642.8	0.626	17.26	17.64	6.84	6.80	
982	B	9	4	5	7	76.55	84.49	84.49	3644.7	0.639	17.65	18.03	7.23	7.20	
982	B	9	4	15	17	76.65	84.59	84.59	3647.0	0.615	16.94	17.30	6.50	6.47	
982	B	9	4	25	27	76.75	84.69	84.69	3649.3	0.604	16.62	16.97	6.17	6.14	
982	B	9	4	35	37	76.85	84.79	84.79	3651.6	0.597	16.41	16.76	5.96	5.92	
982	B	9	4	45	47	76.95	84.89	84.89	3654.1	0.573	15.71	16.03	5.23	5.20	
982	B	9	4	55	57	77.05	84.99	84.99	3656.7	0.539	14.71	15.00	4.20	4.17	
982	B	9	4	65	67	77.15	85.09	85.09	3659.2	0.533	14.53	14.82	4.02	3.99	
982	B	9	4	75	77	77.25	85.19	85.19	3661.7	0.497	13.47	13.73	2.93	2.89	
982	B	9	4	85	87	77.35	85.29	85.29	3664.8	0.521	14.18	14.45	3.65	3.62	
982	B	9	4	95	97	77.45	85.39	85.39	3667.9	0.531	14.47	14.76	3.96	3.92	
982	B	9	4	105	107	77.55	85.49	85.49	3671.5	0.558	15.26	15.58	4.78	4.74	
982	B	9	4	115	117	77.65	85.59	85.59	3675.3	0.566	15.50	15.82	5.02	4.98	
982	B	9	4	125	127	77.75	85.69	85.69	3679.2	0.569	15.59	15.91	5.11	5.08	
982	B	9	4	135	137	77.85	85.79	85.79	3683.0	0.601	16.53	16.88	6.08	6.05	
982	B	9	4	145	147	77.95	85.89	85.89	3686.7	0.612	16.85	17.21	6.41	6.38	
982	B	9	5	5	7	78.05	85.99	85.99	3689.9	0.661	18.29	18.70	7.90	7.86	
982	B	9	5	15	17	78.15	86.09	86.09	3693.0	0.667	18.47	18.88	8.08	8.05	
982	B	9	5	25	27	78.25	86.19	86.19	3696.1	0.649	17.94	18.33	7.53	7.50	
982	B	9	5	35	37	78.35	86.29	86.29	3698.5	0.665	18.41	18.82	8.02	7.98	
982	B	9	5	45	47	78.45	86.39	86.39	3700.9	0.640	17.68	18.06	7.26	7.23	
982	B	9	5	55	57	78.55	86.49	86.49	3703.2	0.634	17.50	17.88	7.08	7.05	
982	B	9	5	65	67	78.65	86.59	86.59	3705.7	0.611	16.82	17.18	6.38	6.35	
982	B	9	5	75	77	78.75	86.69	86.69	3708.6	0.592	16.26	16.61	5.81	5.77	
982	B	9	5	85	87	78.85	86.79	86.79	3711.5	0.531	14.47	14.76	3.96	3.92	
982	B	9	5	95	97	78.95	86.89	86.89	3714.4	0.527	14.35	14.64	3.84	3.80	
982	B	9	5	105	107	79.05	86.99	86.99	3716.5	0.543	14.82	15.12	4.32	4.29	
982	B	9	5	115	117	79.15	87.09	87.09	3718.4	0.569	15.59	15.91	5.11	5.08	
982	B	9	5	125	127	79.25	87.19	87.19	3720.3	0.607	16.71	17.06	6.26	6.23	
982	B	9	5	135	137	79.35	87.29	87.29	3722.0	0.622	17.15	17.52	6.72	6.68	
982	B	9	5	145	147	79.45	87.39	87.39	3723.7	0.631	17.41	17.79	6.99	6.95	
982	B	9	6	5	7	79.55	87.49	87.49	3725.4	0.656	18.15	18.55	7.75	7.71	
982	B	9	6	15	17	79.65	87.59	87.59	3727.2	0.628	17.32	17.70	6.90	6.86	
982	B	9	6	25	27	79.75	87.69	87.69	3728.9	0.644	17.79	18.18	7.38	7.35	
982	B	9	6	35	37	79.85	87.79	87.79	3730.7	0.636	17.56	17.94	7.14	7.11	
982	B	9	6	45	47	79.95	87.89	87.89	3732.4	0.618	17.03	17.39	6.59	6.56	
982	B	9	6	55	57	80.05	87.99	87.99	3734.2	0.654	18.09	18.48	7.68	7.65	
982	B	9	6	65	67	80.15	88.09	88.09	3736.1	0.663	18.35	18.76	7.96	7.92	
982	B	9	6	75	77	80.25	88.19	88.19	3738.2	0.568	15.56	15.88	5.08	5.04	
982	B	9	6	85	87	80.35	88.29	88.29	3740.5	0.559	15.29	15.61	4.81	4.77	
982	B	9	6	95	97	80.45	88.39	88.39	3742.7	0.545	14.88	15.18	4.38	4.35	
982	B	9	6	105	107	80.55	88.49	88.49	3745.0	0.533	14.53	14.82	4.02	3.98	
982	C	10	2	3	5	81.33	88.52	88.52	3745.7	0.544	14.85	15.15	4.35	4.32	
982	B	9	6	115	117	80.65	88.59	88.59	3747.5	0.563	15.41	15.73	4.93	4.89	
982	C	10	2	13	15	81.43	88.62	88.62	3748.2	0.600	16.50	16.85	6.05	6.01	
NaN	NaN	NaN	NaN	NaN	NaN	NaN	88.69	88.69	3750.3	0.592	16.26	16.61	5.81	5.77	
982	C	10	2	23	25	81.53	88.72	88.72	3751.2	0.612	16.85	17.21	6.41	6.38	
NaN	NaN	NaN	NaN	NaN	NaN	NaN	88.79	88.79	3753.4	0.635	17.53	17.91	7.11	7.08	
982	C	10	2	33	35	81.63	88.82	88.82	3754.3	0.621	17.12	17.48	6.68	6.65	
982	C	10	2	40	42	81.7	88.89	88.89	3756.5	0.626	17.26	17.64	6.84	6.80	
982	C	10	2	43	45	81.73	88.92	88.92	3757.5	0.650	17.97	18.36	7.56	7.53	
982	C	10	2	53	55	81.83	89.02	89.02	3761.2	0.685	19.00	19.42	8.62	8.59	
982	C	10	2	63	65	81.93	89.12	89.12	3765.0	0.712	19.79	20.24	9.44	9.41	
982	C	10	2	73	75	82.03	89.22	89.22	3769.1	0.726	20.21	20.67	9.87	9.83	
982	C	10	2	83	85	82.13	89.32	89.32	3773.3	0.714	19.85	20.30	9.50	9.47	
982	C	10	2	93	95	82.23	89.42	89.42	3777.4	0.674	18.68	19.09	8.29	8.26	
982	C	10	2	103	105	82.33	89.52	89.52	3781.6	0.624	17.21	17.58	6.78	6.74	
982	C	10	2	113	115	82.43	89.62	89.62	3785.7	0.614	16.91	17.27	6.47	6.44	
982	C	10	2	123	125	82.53	89.72	89.72	3789.9	0.600	16.50	16.85	6.05	6.01	
982	C	10	2	133	135	82.63	89.82	89.82	3793.7	0.652	18.03	18.42	7.62	7.59	
982	C	10	2	143	145	82.73	89.92	89.92	3797.4	0.686	19.03	19.45	8.65	8.62	
982	C	10	3	3	5	82.83	90.02	90.02	3800.7	0.686	19.03	19.45	8.65	8.62	
982	C	10	3	13	15	82.93	90.12	90.12	3803.8	0.714	19.85	20.30	9.50	9.47	
982	C	10	3	23	25	83.03	90.22	90.22	3806.7	0.675	18.71	19.12	8.32	8.29	
982	C	10	3	33	35	83.13	90.32	90.32	3809.4	0.605	16.65	17.00	6.20	6.17	
982	C	10	3	43	45	83.23	90.42	90.42	3812.1	0.664	18.38	18.79	7.99	7.95	
982	C	10	3	53	55	83.33	90.52	90.52	3814.7	0.657	18.18	18.58	7.78	7.74	
982	C	10	3	63	65	83.43	90.62	90.62	3817.3	0.722	20.09	20.55	9.75	9.71	
982	C	10	3	73	75	83.53	90.72	90.72	3820.2	0.712	19.79	20.24	9.44	9.41	
982	C	10	3	83	85	83.63	90.82	90.82	3823.2	0.677	18.76	19.18	8.38	8.35	
982	C	10	3	93	95	83.73	90.92	90.92	3826.2	0.643	17.76	18.15	7.35	7.32	
982	C	10	3	103	105	83.83	91.02	91.02	3829.2	0.644	17.79	18.18	7.38	7.35	
982	C	10	3	113	115	83.93	91.12	91.12	3832.0	0.647	17.88	18.27	7.47	7.44	
982	C	10	3	123	125	84.03	91.22	91.22	3834.8	0.650	17.97	18.36	7.56	7.53	
982	C	10	3	133	135	84.13	91.32	91.32	3837.6	0.717	19.94	20.39	9.59	9.56	
982	C	10	3	143	145	84.23	91.42	91.42	3840.4	0.737	20.53	21.00	10.20	10.17	
982	C	10	4	3	5	84.33	91.52	91.52	3843.2	0.700	19.44	19.88	9.08	9.04	
982	C	10	4	13	15	84.43	91.62	91.62	3846.3	0.687	19.06	19.48	8.68	8.65	
982	C	10	4	23	25	84.53	91.72	91.72	3849.5	0.663	18.35	18.76	7.96	7.92	
982	C	10	4	33	35	84.63	91.82	91.82	3852.5	0.665	18.41	18.82	8.02	7.98	
982	C	10	4	43	45	84.73	91.92	91.92	3855.4	0.699	19.41	19.85	9.05	9.01	
982	C	10	4	53	55	84.83	92.02	92.02	3857.9	0.725	20.18	20.64	9.84	9.80	
982	C	10	4	63	65	84.93	92.12	92.12	3860.3	0.701	19.47	19.91	9.11	9.07	
982	C	10	4	73	75	85.03	92.22	92.22	3862.3	0.695	19.29	19.73	8.93	8.89	
982	C	10	4	83	85	85.13	92.32	92.32	3864.2	0.639	17.65	18.03	7.23	7.20	
982	C	10	4	93	95	85.23	92.42	92.42	3866.3	0.563	15.41	15.73	4.93	4.89	
982	C	10	4	103	105	85.33	92.52	92.52	3868.5	0.549	15.00	15.30	4.50	4.47	
982	C	10	4	113	115	85.43	92.62	92.62	3870.5	0.525	14.29	14.58	3.78	3.74	
982	C	10	4	123	125	85.53	92.72	92.72	3872.6	0.517	14.06	14.33	3.53	3.50	
982	C	10	4	133	135	85.63	92.82	92.82	3874.5	0.531	14.47	14.76	3.96	3.92	
982	C	10	4	143	145	85.73	92.92	92.92	3876.3	0.551	15.06	15.36	4.56	4.53	
982	C	10	5	3	5	85.83	93.02	93.02	3878.1	0.560	15.32	15.64	4.84	4.80	
982	C	10	5	13	15	85.93	93.12	93.12	3879.9	0.581	15.94	16.27	5.47	5.44	
982	C	10	5	23	25	86.03	93.22	93.22	3881.7	0.602	16.56	16.91	6.11	6.07	
982	C	10	5	33	35	86.13	93.32	93.32	3883.5	0.616	16.97	17.33	6.53	6.50	
982	C	10	5	43	45	86.23	93.42	93.42	3885.3	0.659	18.24	18.64	7.84	7.80	
982	C	10	5	53	55	86.33	93.52	93.52	3887.1	0.682	18.91	19.33	8.53	8.50	
982	C	10	5	63	65	86.43	93.62	93.62	3889.0	0.694	19.26	19.70	8.90	8.86	
982	C	10	5	73	75	86.53	93.72	93.72	3890.8	0.704	19.56	20.00	9.20	9.16	
982	C	10	5	80	82	86.6	93.79	93.79	3892.2	0.685	19.00	19.42	8.62	8.59	
982	C	10	5	83	85	86.63	93.82	93.82	3892.8	0.713	19.82	20.27	9.47	9.44	
982	C	10	5	93	95	86.73	93.92	93.92	3894.8	0.691	19.18	19.61	8.81	8.77	
982	C	10	5	103	105	86.83	94.02	94.02	3896.9	0.670	18.56	18.97	8.17	8.13	
982	C	10	5	113	115	86.93	94.12	94.12	3898.9	0.707	19.65	20.09	9.29	9.26	
982	C	10	5	123	125	87.03	94.22	94.22	3901.0	0.696	19.32	19.76	8.96	8.92	
982	C	10	5	133	135	87.13	94.32	94.32	3903.2	0.693	19.24	19.67	8.87	8.83	
982	C	10	5	143	145	87.23	94.42	94.42	3905.4	0.697	19.35	19.79	8.99	8.95	
982	C	10	6	3	5	87.33	94.52	94.52	3907.6	0.692	19.21	19.64	8.84	8.80	
982	C	10	6	13	15	87.43	94.62	94.62	3909.7	0.689	19.12	19.55	8.75	8.71	
982	C	10	6	23	25	87.53	94.72	94.72	3911.9	0.671	18.59	19.00	8.20	8.16	
982	C	10	6	33	35	87.63	94.82	94.82	3913.9	0.660	18.26	18.67	7.87	7.83	
982	C	10	6	43	45	87.73	94.92	94.92	3916.0	0.656	18.15	18.55	7.75	7.71	
982	C	10	6	53	55	87.83	95.02	95.02	3918.3	0.603	16.59	16.94	6.14	6.10	
982	C	10	6	63	65	87.93	95.12	95.12	3920.7	0.571	15.65	15.97	5.17	5.13	
982	C	10	6	73	75	88.03	95.22	95.22	3923.1	0.569	15.59	15.91	5.11	5.07	
982	C	10	6	83	85	88.13	95.32	95.32	3925.4	0.607	16.71	17.06	6.26	6.23	
982	C	10	6	93	95	88.23	95.42	95.42	3927.9	0.633	17.47	17.85	7.05	7.01	
982	C	10	6	103	105	88.33	95.52	95.52	3930.3	0.640	17.68	18.06	7.26	7.23	
982	C	10	6	113	115	88.43	95.62	95.62	3932.8	0.634	17.50	17.88	7.08	7.04	
982	B	10	4	45	47	NaN	95.66	95.66	3933.8	0.647	17.88	18.27	7.47	7.44	
982	C	10	6	123	125	88.53	95.72	95.72	3935.3	0.660	18.26	18.67	7.87	7.83	
982	B	10	4	55	57	86.55	95.76	95.76	3936.3	0.683	18.94	19.36	8.56	8.53	
982	C	10	6	133	135	88.63	95.82	95.82	3937.8	0.669	18.53	18.94	8.14	8.10	
982	B	10	4	65	67	86.65	95.86	95.86	3938.8	0.649	17.94	18.33	7.53	7.50	
982	C	10	6	143	145	88.73	95.92	95.92	3940.3	0.677	18.76	19.18	8.38	8.35	
982	B	10	4	75	77	86.75	95.96	95.96	3941.3	0.602	16.56	16.91	6.11	6.07	
982	C	10	7	3	5	88.83	96.02	96.02	3942.8	0.622	17.15	17.52	6.72	6.68	
982	B	10	4	85	87	86.85	96.06	96.06	3943.8	0.570	15.62	15.94	5.14	5.10	
982	C	10	7	13	15	88.93	96.12	96.12	3945.3	0.582	15.97	16.30	5.50	5.47	
982	B	10	4	95	97	86.95	96.16	96.16	3946.3	0.603	16.59	16.94	6.14	6.10	
982	B	10	4	105	107	87.05	96.26	96.26	3948.8	0.611	16.82	17.18	6.38	6.35	
982	B	10	4	115	117	87.15	96.36	96.36	3951.1	0.614	16.91	17.27	6.47	6.44	
982	B	10	4	125	127	87.25	96.46	96.46	3953.3	0.613	16.88	17.24	6.44	6.41	
982	B	10	4	135	137	87.35	96.56	96.56	3955.5	0.622	17.15	17.52	6.72	6.68	
982	B	10	4	145	147	87.45	96.66	96.66	3957.7	0.647	17.88	18.27	7.47	7.44	
982	B	10	5	5	7	87.55	96.76	96.76	3960.0	0.645	17.82	18.21	7.41	7.38	
982	B	10	5	15	17	87.65	96.86	96.86	3962.2	0.646	17.85	18.24	7.44	7.41	
982	B	10	5	25	27	87.75	96.96	96.96	3964.4	0.642	17.74	18.12	7.32	7.29	
982	B	10	5	35	37	87.85	97.06	97.06	3966.6	0.634	17.50	17.88	7.08	7.04	
982	B	10	5	45	47	87.95	97.16	97.16	3968.9	0.641	17.71	18.09	7.29	7.25	
982	B	10	5	55	57	88.05	97.26	97.26	3971.1	0.634	17.50	17.88	7.08	7.04	
982	B	10	5	65	67	88.15	97.36	97.36	3973.3	0.628	17.32	17.70	6.90	6.86	
982	B	10	5	75	77	88.25	97.46	97.46	3975.5	0.608	16.74	17.09	6.29	6.25	
982	B	10	5	82.5	84.5	88.325	97.535	97.535	3978.9	0.589	16.19	16.53	5.73	5.69	
982	B	10	5	85	87	88.35	97.56	97.56	3977.8	0.582	15.97	16.30	5.50	5.47	
982	B	10	5	90	92	88.4	97.61	97.61	3978.9	0.582	15.97	16.30	5.50	5.47	
982	B	10	5	95	97	88.45	97.66	97.66	3980.0	0.580	15.91	16.24	5.44	5.41	
982	B	10	5	100	102	88.5	97.71	97.71	3981.1	0.545	14.89	15.19	4.39	4.36	
982	B	10	5	105	107	88.55	97.76	97.76	3982.2	0.565	15.47	15.79	4.99	4.95	
982	B	10	5	110	112	88.6	97.81	97.81	3983.3	0.547	14.94	15.24	4.44	4.41	
982	B	10	5	115	117	88.65	97.86	97.86	3984.4	0.558	15.26	15.58	4.78	4.74	
982	B	10	5	122.5	124.5	88.725	97.935	97.935	3986.1	0.525	14.28	14.56	3.76	3.73	
982	B	10	5	125	127	88.75	97.96	97.96	3986.7	0.551	15.06	15.36	4.56	4.53	
982	B	10	5	130	132	88.8	98.01	98.01	3987.8	0.543	14.83	15.13	4.33	4.29	
982	B	10	5	135	137	88.85	98.06	98.06	3988.9	0.532	14.50	14.79	3.99	3.95	
982	B	10	5	140	142	88.9	98.11	98.11	3990.5	0.553	15.13	15.44	4.64	4.60	
982	B	10	5	145	147	88.95	98.16	98.16	3992.1	0.557	15.24	15.55	4.75	4.71	
982	B	10	6	0	2	89	98.21	98.21	3993.6	0.558	15.25	15.56	4.76	4.73	
982	B	10	6	5	7	89.05	98.26	98.26	3995.2	0.549	15.00	15.30	4.50	4.47	
982	B	10	6	12	14	89.12	98.33	98.33	3997.1	0.548	14.98	15.28	4.48	4.45	
982	B	10	6	15	17	89.15	98.36	98.36	3998.0	0.547	14.94	15.24	4.44	4.41	
982	B	10	6	20	22	89.2	98.41	98.41	3999.3	0.539	14.70	14.99	4.19	4.16	
982	B	10	6	25	27	89.25	98.46	98.46	4000.7	0.541	14.76	15.06	4.26	4.22	
982	B	10	6	30	32	89.3	98.51	98.51	4002.0	0.556	15.20	15.51	4.71	4.68	
982	B	10	6	35	37	89.35	98.56	98.56	4003.4	0.555	15.18	15.48	4.68	4.65	
982	B	10	6	40	42	89.4	98.61	98.61	4004.7	0.560	15.32	15.63	4.83	4.79	
982	B	10	6	45	47	89.45	98.66	98.66	4006.1	0.588	16.15	16.48	5.68	5.65	
982	B	10	6	53	55	89.53	98.74	98.74	4007.8	0.566	15.51	15.83	5.03	4.99	
982	B	10	6	55	57	89.55	98.76	98.76	4008.2	0.576	15.79	16.12	5.32	5.28	
982	B	10	6	60	62	89.6	98.81	98.81	4009.2	0.603	16.58	16.93	6.13	6.10	
982	B	10	6	65	67	89.65	98.86	98.86	4010.2	0.607	16.71	17.06	6.26	6.22	
982	B	10	6	70	72	89.7	98.91	98.91	4011.2	0.614	16.90	17.27	6.47	6.43	
982	B	10	6	75	77	89.75	98.96	98.96	4012.2	0.636	17.56	17.94	7.14	7.10	
982	B	10	6	80	82	89.8	99.01	99.01	4013.2	0.634	17.49	17.87	7.07	7.03	
982	B	10	6	85	87	89.85	99.06	99.06	4014.2	0.651	18.00	18.40	7.60	7.56	
982	B	10	6	92	94	89.92	99.13	99.13	4015.6	0.647	17.87	18.26	7.46	7.42	
982	B	10	6	95	97	89.95	99.16	99.16	4016.2	0.631	17.42	17.79	6.99	6.96	
982	B	10	6	100	102	90	99.21	99.21	4017.3	0.625	17.23	17.60	6.80	6.76	
982	B	10	6	105	107	90.05	99.26	99.26	4018.3	0.613	16.88	17.24	6.44	6.40	
982	B	10	6	110	112	90.1	99.31	99.31	4019.3	0.607	16.71	17.06	6.26	6.22	
982	B	10	6	115	117	90.15	99.36	99.36	4020.3	0.604	16.62	16.97	6.17	6.14	
982	B	10	6	120	122	90.2	99.41	99.41	4021.3	0.626	17.27	17.65	6.85	6.81	
982	B	10	6	125	127	90.25	99.46	99.46	4022.3	0.628	17.32	17.69	6.89	6.85	
982	B	10	6	132	134	90.32	99.53	99.53	4023.7	0.622	17.16	17.53	6.73	6.69	
982	B	10	6	135	137	90.35	99.56	99.56	4024.3	0.621	17.12	17.49	6.69	6.65	
982	B	10	6	140	142	90.4	99.61	99.61	4025.3	0.635	17.53	17.91	7.11	7.07	
982	B	10	6	145	147	90.45	99.66	99.66	4026.3	0.651	17.99	18.39	7.59	7.55	
982	A	10	6	40	42	89.4	103.54	103.54	4104.6	0.679	18.81	19.23	8.43	8.39	
982	B	11	6	10	12	98.61	108.68	108.68	4212.6	0.629	17.36	17.74	6.94	6.90	
982	B	12	2	110	112	103.1	113.59	113.59	4345.1	0.667	18.47	18.88	8.08	8.04	
982	B	12	3	4	6	103.54	114.03	114.03	4355.7	0.679	18.82	19.24	8.44	8.40	
982	B	12	6	60	62	108.6	119.09	119.09	4470.5	0.619	17.06	17.42	6.62	6.58	
982	B	13	3	110	112	114.1	125.64	125.64	4646.3	0.629	17.35	17.73	6.93	6.89	
982	B	14	1	10	12	119.605	132.205	132.105	4787	0.713	19.84	20.29	9.49	9.44	
982	A	13	4	110	112	118.32	133.23	133.13	4803.7	0.691	19.18	19.61	8.81	8.77	
982	B	14	3	10	12	122.605	135.205	135.105	4835.2	0.737	20.54	21.02	10.22	10.17	
982	B	14	4	110	112	125.1	137.705	137.605	4874.7	0.650	17.96	18.35	7.55	7.51	
982	B	14	5	10	12	125.605	138.205	138.105	4882.6	0.704	19.57	20.01	9.21	9.17	
982	B	14	7	10	12	128.61	141.21	141.11	4930.6	0.590	16.21	16.55	5.75	5.70	
982	B	15	1	10	12	129.105	143.165	142.805	4959	0.619	17.07	17.44	6.64	6.59	
982	B	15	2	10	12	130.6	144.66	144.3	4981	0.690	19.16	19.59	8.79	8.74	
982	B	15	3	10	12	132.105	146.165	145.805	5002.6	0.724	20.16	20.62	9.82	9.77	
982	B	15	3	82	84	132.83	146.88	146.52	5012.2	0.690	19.15	19.58	8.78	8.73	
982	B	15	5	10	12	135.11	149.165	148.805	5042.3	0.733	20.41	20.88	10.08	10.04	
982	B	15	5	44	46	135.45	149.51	149.15	5046.6	0.691	19.18	19.61	8.81	8.76	
982	B	15	5	110	112	136.11	150.165	149.805	5054.9	0.637	17.59	17.97	7.17	7.12	
982	B	15	7	10	12	138.095	152.155	151.795	5087.2	0.737	20.52	20.99	10.19	10.14	
982	B	16	1	10	12	138.605	153.345	153.055	5110	0.643	17.78	18.16	7.36	7.32	
982	B	16	3	10	12	141.605	156.345	156.055	5171.7	0.603	16.59	16.94	6.14	6.09	
982	B	16	5	10	12	144.605	159.345	159.055	5236.5	0.637	17.59	17.98	7.18	7.13	
982	B	16	7	10	12	147.605	162.345	162.055	5304.4	0.753	21.01	21.49	10.69	10.65	
982	B	17	1	10	12	148.095	163.685	163.535	5340.9	0.789	22.05	22.56	11.76	11.71	
982	A	16	4	140	142	147.1	165.22	165.07	5376.7	0.735	20.48	20.95	10.15	10.10	
982	B	17	3	10	12	151.095	166.685	166.535	5412.2	0.773	21.60	22.10	11.30	11.25	
982	B	17	3	139	141	152.4	167.99	167.84	5444.2	0.742	20.69	21.17	10.37	10.32	
982	B	17	5	10	12	154.095	169.685	169.535	5480.6	0.776	21.67	22.18	11.38	11.33	
982	B	17	6	10	12	155.605	171.195	171.045	5516.8	0.688	19.09	19.51	8.71	8.66	
982	B	17	6	55	57	156.06	171.65	171.5	5530.2	0.770	21.50	22.00	11.20	11.15	
982	B	17	7	10	12	157.105	172.695	172.545	5560.9	0.755	21.05	21.54	10.74	10.69	
982	B	18	1	10	12	157.615	174.195	174.045	5598.7	0.630	17.39	17.77	6.97	6.92	
982	B	18	3	10	12	160.61	177.19	177.04	5655.9	0.690	19.14	19.57	8.77	8.72	
982	B	18	5	10	12	163.605	180.185	180.035	5714.4	0.624	17.19	17.56	6.76	6.71	
982	B	18	6	108	110	165.11	181.69	181.54	5739.8	0.541	14.76	15.06	4.26	4.21	
982	B	18	7	20	22	166.71	183.29	183.14	5764.1	0.454	12.19	12.41	1.61	1.56	
982	B	19	1	10	12	167.11	184.9	184.61	5791.3	0.635	17.51	17.89	7.09	7.04	
982	B	19	2	35	37	168.53	186.32	186.03	5822.2	0.571	15.65	15.97	5.17	5.12	
982	B	19	3	10	12	170.085	187.875	187.585	5864.9	0.553	15.11	15.42	4.62	4.56	
982	B	19	5	10	12	173.105	190.895	190.605	5937.4	0.680	18.84	19.26	8.46	8.41	
982	B	19	7	10	12	176.085	193.875	193.585	5999.6	0.744	20.74	21.22	10.42	10.37	
982	B	20	1	10	12	176.605	195.265	194.975	6036.5	0.670	18.55	18.96	8.16	8.10	
982	B	20	3	10	12	179.605	198.265	197.975	6103.5	0.758	21.14	21.63	10.83	10.78	
982	B	20	7	10	12	185.605	204.265	203.975	6208.1	0.589	16.16	16.50	5.70	5.65	
982	B	21	1	10	12	186.095	205.695	205.555	6242	0.644	17.79	18.18	7.38	7.32	
982	B	21	3	10	12	189.105	208.705	208.565	6297.5	0.486	13.16	13.41	2.61	2.55	
982	B	21	5	10	12	192.105	211.705	211.565	6366.9	0.666	18.45	18.86	8.06	8.00	
982	B	21	7	10	12	195.11	214.71	214.57	6438.4	0.714	19.86	20.31	9.51	9.45	
982	B	21	7	10	12	195.11	214.71	214.57	6438.4	0.722	20.08	20.54	9.74	9.68	
982	B	22	1	10	12	195.605	216.025	217.635	6509.3	0.705	19.58	20.02	9.22	9.16	
982	B	22	3	10	12	198.605	219.025	220.635	6581.1	0.725	20.18	20.64	9.84	9.78	
982	B	22	5	10	12	201.605	220.615	222.225	6628.5	0.728	20.27	20.73	9.93	9.87	
982	B	23	1	10	12	205.11	225.53	227.07	6753.3	0.744	20.72	21.20	10.40	10.34	
982	B	23	5	10	12	211.105	231.525	233.065	6860.5	0.782	21.84	22.35	11.55	11.49	
982	B	24	1	10	12	214.605	234.055	237.995	6956.4	0.791	22.11	22.63	11.83	11.77	
982	B	24	5	10	12	220.605	240.055	243.995	7093.5	0.794	22.20	22.73	11.93	11.86	
982	B	24	7	10	12	223.605	243.055	246.995	7155.6	0.807	22.59	23.12	12.32	12.25	
982	B	25	1	10	12	224.105	244.695	249.195	7203.5	0.738	20.57	21.04	10.24	10.17	
982	B	25	3	10	12	227.105	247.695	252.195	7275	0.802	22.44	22.97	12.17	12.10	
982	B	25	5	10	12	230.105	250.695	255.195	7344.2	0.820	22.98	23.53	12.73	12.66	
982	B	25	7	10	12	233.105	253.695	258.195	7407.9	0.842	23.61	24.18	13.38	13.31	
982	B	25	7	10	12	233.105	253.695	258.195	7407.9	0.737	20.53	21.00	10.20	10.13	
982	B	26	1	15	17	233.66	254.25	260.55	7455.1	0.821	22.99	23.54	12.74	12.67	
982	B	26	2	15	17	235.16	255.75	262.05	7479.1	0.825	23.11	23.66	12.86	12.79	
982	B	26	4	15	17	238.16	258.75	265.05	7544.8	0.836	23.45	24.01	13.21	13.14	
982	B	26	5	15	17	239.66	260.25	266.55	7581.1	0.780	21.79	22.30	11.50	11.43	
982	B	26	7	15	17	242.66	263.25	269.55	7661.1	0.808	22.63	23.16	12.36	12.29	
982	B	27	1	60	62	243.41	264	271.83	7731.2	0.830	23.26	23.82	13.02	12.95	
982	B	27	2	15	17	244.66	265.25	273.08	7770.7	0.823	23.05	23.60	12.80	12.73	
982	B	27	4	15	17	247.66	268.25	276.08	7845.5	0.844	23.68	24.25	13.45	13.38	
982	B	27	5	15	17	249.16	269.75	277.58	7881.7	0.842	23.62	24.19	13.39	13.31	
982	B	28	1	15	17	249.46	270.05	279.06	7915.3	0.884	24.84	25.44	14.64	14.57	
982	B	28	1	120	122	250.11	270.7	279.71	7930.1	0.828	23.20	23.75	12.95	12.88	
982	B	28	3	15	17	252.46	273.05	282.06	7969	0.886	24.90	25.50	14.70	14.63	
982	B	28	5	60	62	255.723	276.32	285.33	8020.9	0.907	25.53	26.15	15.35	15.28	
982	B	29	1	15	17	259.06	279.65	288.73	8091.9	0.867	24.35	24.93	14.13	14.06	
982	B	29	2	15	17	260.56	281.15	290.23	8123.5	0.857	24.05	24.63	13.83	13.75	
982	B	29	4	15	17	263.56	284.15	293.23	8189.4	0.804	22.49	23.02	12.22	12.14	
982	B	29	4	100	102	264.08	284.67	293.75	8202.4	0.905	25.47	26.09	15.29	15.21	
982	B	31	1	15	17	278.36	298.95	308.03	8624.7	0.890	25.02	25.63	14.83	14.75	
982	B	31	2	15	17	279.86	300.45	309.53	8669.1	0.894	25.15	25.76	14.96	14.88	
982	B	31	4	15	17	282.86	303.45	312.53	8758.5	0.895	25.17	25.78	14.98	14.90	
982	B	31	6	15	17	285.86	306.45	315.53	8851.1	0.873	24.54	25.13	14.33	14.25	
982	B	31	7	15	17	287.36	307.95	317.03	8896.4	0.895	25.16	25.78	14.98	14.89	
982	B	32	1	15	17	287.96	308.55	317.63	8914.8	0.893	25.11	25.72	14.92	14.84	
982	B	32	2	15	17	289.46	310.05	319.13	8962.2	0.864	24.28	24.86	14.06	13.98	
982	B	32	4	15	17	292.46	313.05	322.13	9056	0.878	24.67	25.27	14.47	14.39	
982	B	33	1	15	17	297.56	318.15	327.23	9212.1	0.903	25.40	26.02	15.22	15.13	
982	B	33	2	15	17	299.06	319.65	328.73	9258.8	0.903	25.41	26.03	15.23	15.15	
982	B	33	3	15	17	300.56	321.15	330.23	9305	0.877	24.66	25.25	14.45	14.37	
982	B	33	5	15	17	303.56	324.15	333.23	9396.3	0.885	24.87	25.47	14.67	14.59	
982	B	34	1	15	17	307.26	327.85	336.93	9511.9	0.850	23.85	24.42	13.62	13.53	
982	B	34	2	15	17	308.76	329.35	338.43	9558.2	0.834	23.39	23.95	13.15	13.06	
982	B	34	4	15	17	311.76	332.35	341.43	9652	0.833	23.36	23.92	13.12	13.03	
982	B	34	5	15	17	313.26	333.85	342.93	9699.5	0.882	24.79	25.39	14.59	14.50	
982	B	35	1	15	17	316.86	337.45	346.53	9807.3	0.864	24.27	24.85	14.05	13.96	
982	B	35	2	15	17	318.36	338.95	348.03	9853.3	0.886	24.93	25.53	14.73	14.64	
982	B	35	3	15	17	319.86	340.45	349.53	9899.2	0.925	26.06	26.70	15.90	15.81	
982	B	35	4	15	17	321.36	341.95	351.03	9944.9	0.905	25.47	26.09	15.29	15.20	
982	B	36	1	15	17	326.46	347.05	356.13	10086.3	0.891	25.05	25.66	14.86	14.76	
982	B	36	2	15	17	327.96	348.55	357.63	10123.2	0.858	24.09	24.67	13.87	13.78	
982	B	36	3	15	17	329.46	350.05	359.13	10161	0.910	25.63	26.26	15.46	15.36	
982	B	36	4	15	17	330.96	351.55	360.63	10199.2	0.805	22.54	23.07	12.27	12.17	
982	B	36	5	15	17	332.46	353.05	362.13	10234.1	0.765	21.36	21.86	11.06	10.96	
982	B	37	1	15	17	336.16	356.75	365.83	10315.6	0.907	25.53	26.15	15.35	15.25	
982	B	37	2	15	17	337.66	358.25	367.33	10348.4	0.883	24.82	25.42	14.62	14.52	
982	B	37	3	15	17	339.16	359.75	368.83	10382.1	0.905	25.48	26.10	15.30	15.20	
982	B	37	4	15	17	340.66	361.25	370.33	10415.9	0.873	24.52	25.11	14.31	14.21	
982	B	37	5	15	17	342.16	362.75	371.83	10448.8	0.788	22.03	22.55	11.75	11.65	
982	B	38	2	15	17	347.26	367.85	376.93	10560	0.939	26.47	27.12	16.32	16.22	
982	B	38	2	15	17	347.26	367.85	376.93	10560	0.941	26.54	27.20	16.40	16.29	
982	B	38	3	15	17	348.76	369.35	378.43	10591.9	0.885	24.89	25.50	14.70	14.60	
982	B	38	4	15	17	350.26	370.85	379.93	10624.5	0.905	25.47	26.09	15.29	15.19	
982	B	38	5	15	17	351.76	372.35	381.43	10656.7	0.865	24.30	24.89	14.09	13.99	
982	B	39	1	15	17	355.36	375.95	385.03	10735.8	0.909	25.58	26.20	15.40	15.30	
982	B	39	2	15	17	356.86	377.45	386.53	10768.6	0.909	25.58	26.20	15.40	15.30	
982	B	39	3	15	17	358.36	378.95	388.03	10801.2	0.890	25.04	25.65	14.85	14.74	
982	B	39	4	15	17	359.86	380.45	389.53	10835	0.911	25.65	26.28	15.48	15.38	
982	B	40	1	15	17	365.06	385.65	394.73	10950.7	0.909	25.58	26.20	15.40	15.30	
982	B	40	2	15	17	366.56	387.15	396.23	10983	0.911	25.66	26.29	15.49	15.38	
982	B	41	1	15	17	374.66	395.25	404.33	11165.2	0.928	26.16	26.80	16.00	15.89	
982	B	41	2	15	17	376.16	396.75	405.83	11200	0.904	25.43	26.05	15.25	15.14	
982	B	41	3	15	17	377.66	398.25	407.33	11235.5	0.927	26.11	26.75	15.95	15.84	
982	B	41	5	15	17	380.66	401.25	410.33	11309.9	0.922	25.96	26.59	15.79	15.69	
982	B	42	2	15	17	385.76	406.35	415.43	11437.8	0.934	26.33	26.98	16.18	16.07	
982	B	42	3	15	17	387.26	407.85	416.93	11475.1	0.860	24.15	24.73	13.93	13.82	
982	B	42	4	15	17	388.76	409.35	418.43	11513	0.929	26.17	26.81	16.01	15.90	
982	B	42	5	15	17	390.26	410.85	419.93	11552.8	0.873	24.52	25.11	14.31	14.20	
982	B	43	1	7	9	393.88	414.47	423.55	11645.8	0.903	25.41	26.02	15.22	15.11	
982	B	44	1	7	9	403.48	422.07	431.15	11838.4	0.888	24.97	25.57	14.77	14.66	
982	B	44	3	7	9	406.48	425.07	434.15	11914.2	0.881	24.76	25.36	14.56	14.45	
982	B	44	5	7	9	409.48	428.07	437.15	11992.8	0.881	24.76	25.36	14.56	14.44	
982	B	45	1	5	7	413.06	435.65	444.73	12188.3	0.901	25.35	25.96	15.16	15.05	
982	B	45	3	5	7	416.06	438.65	447.73	12264.1	0.933	26.30	26.95	16.15	16.03	
982	B	45	5	5	7	419.06	441.65	450.73	12341.9	0.926	26.09	26.73	15.93	15.81	
982	B	45	7	5	7	422.06	443.25	452.33	12386.1	0.904	25.45	26.07	15.27	15.15	
982	B	46	1	5	7	422.66	444.65	453.73	12424.6	0.922	25.97	26.61	15.81	15.69	
982	B	46	3	5	7	425.66	446.25	455.33	12467.5	0.897	25.25	25.86	15.06	14.94	
982	B	47	1	12	14	432.33	452.92	462	12648.9	0.902	25.37	25.99	15.19	15.06	
982	B	47	3	6	8	435.27	455.86	464.94	12729	0.923	26.00	26.63	15.83	15.71	
982	B	48	1	5	7	441.86	462.45	471.53	12934.7	0.929	26.19	26.83	16.03	15.90	
982	B	48	3	5	7	444.86	465.45	474.53	13034.1	0.932	26.28	26.92	16.12	15.99	
982	B	48	5	5	7	447.86	468.45	477.53	13129.5	0.926	26.09	26.73	15.93	15.80	
982	B	49	1	5	7	451.46	472.05	481.13	13235.8	0.910	25.63	26.25	15.45	15.32	
982	B	49	3	5	7	454.46	475.05	484.13	13325.2	0.923	26.01	26.65	15.85	15.72	
982	B	50	1	5.5	7.5	461.065	481.655	490.735	13521.5	0.927	26.11	26.75	15.95	15.81	
982	B	50	3	5	7	464.06	484.65	493.73	13608	0.943	26.60	27.25	16.45	16.32	
982	B	50	5	5	7	467.06	487.65	496.73	13693.2	0.946	26.66	27.32	16.52	16.38	
982	B	51	1	10.5	12.5	470.715	491.305	500.385	13810.5	0.902	25.37	25.99	15.19	15.05	
982	B	51	3	5	7	473.66	494.25	503.33	13919.3	0.931	26.24	26.89	16.09	15.95	
982	B	51	5	5	7	476.66	497.25	506.33	14037	0.911	25.65	26.28	15.48	15.34	
982	B	52	1	5	7	480.26	500.85	509.93	14177.8	0.892	25.09	25.70	14.90	14.76	
982	B	52	3	5	7	483.26	503.85	512.93	14298.1	0.942	26.55	27.20	16.40	16.26	
982	B	52	5	5	7	486.26	506.85	515.93	14417	0.952	26.85	27.52	16.72	16.57	
982	B	53	1	11	13	489.82	510.41	519.49	14558.7	0.963	27.18	27.85	17.05	16.90	
982	B	53	3	7	9	492.78	513.37	522.45	14678.6	0.920	25.93	26.56	15.76	15.61	
982	B	53	5	11	13	495.82	516.41	525.49	14801.3	0.967	27.29	27.97	17.17	17.02	
982	B	54	1	5	7	499.36	519.95	529.03	14945.6	0.961	27.12	27.79	16.99	16.83	
982	B	54	3	5	7	502.36	522.95	532.03	15062.2	0.961	27.13	27.80	17.00	16.84	
982	B	56	5	5	7	524.56	545.15	554.23	15882.9	0.971	27.40	28.08	17.28	17.11	
